-- MySQL dump 10.13  Distrib 5.6.35, for debian-linux-gnu (x86_64)
--
-- Host: localhost    Database: handsyork
-- ------------------------------------------------------
-- Server version	5.6.35-1+deb.sury.org~trusty+0.1

/*!40101 SET @OLD_CHARACTER_SET_CLIENT=@@CHARACTER_SET_CLIENT */;
/*!40101 SET @OLD_CHARACTER_SET_RESULTS=@@CHARACTER_SET_RESULTS */;
/*!40101 SET @OLD_COLLATION_CONNECTION=@@COLLATION_CONNECTION */;
/*!40101 SET NAMES utf8 */;
/*!40103 SET @OLD_TIME_ZONE=@@TIME_ZONE */;
/*!40103 SET TIME_ZONE='+00:00' */;
/*!40014 SET @OLD_UNIQUE_CHECKS=@@UNIQUE_CHECKS, UNIQUE_CHECKS=0 */;
/*!40014 SET @OLD_FOREIGN_KEY_CHECKS=@@FOREIGN_KEY_CHECKS, FOREIGN_KEY_CHECKS=0 */;
/*!40101 SET @OLD_SQL_MODE=@@SQL_MODE, SQL_MODE='NO_AUTO_VALUE_ON_ZERO' */;
/*!40111 SET @OLD_SQL_NOTES=@@SQL_NOTES, SQL_NOTES=0 */;

--
-- Table structure for table `admin_menu`
--

DROP TABLE IF EXISTS `admin_menu`;
/*!40101 SET @saved_cs_client     = @@character_set_client */;
/*!40101 SET character_set_client = utf8 */;
CREATE TABLE `admin_menu` (
  `id` int(10) unsigned NOT NULL AUTO_INCREMENT,
  `parent_id` int(11) NOT NULL DEFAULT '0',
  `order` int(11) NOT NULL DEFAULT '0',
  `title` varchar(50) COLLATE utf8mb4_unicode_ci NOT NULL,
  `icon` varchar(50) COLLATE utf8mb4_unicode_ci NOT NULL,
  `uri` varchar(50) COLLATE utf8mb4_unicode_ci DEFAULT NULL,
  `created_at` timestamp NULL DEFAULT NULL,
  `updated_at` timestamp NULL DEFAULT NULL,
  PRIMARY KEY (`id`)
) ENGINE=InnoDB AUTO_INCREMENT=19 DEFAULT CHARSET=utf8mb4 COLLATE=utf8mb4_unicode_ci;
/*!40101 SET character_set_client = @saved_cs_client */;

--
-- Dumping data for table `admin_menu`
--

LOCK TABLES `admin_menu` WRITE;
/*!40000 ALTER TABLE `admin_menu` DISABLE KEYS */;
INSERT INTO `admin_menu` VALUES (1,0,1,'Index','fa-bar-chart','/',NULL,NULL),(2,0,2,'Admin','fa-tasks','',NULL,NULL),(3,2,3,'Users','fa-users','auth/users',NULL,NULL),(4,2,4,'Roles','fa-user','auth/roles',NULL,NULL),(5,2,5,'Permission','fa-ban','auth/permissions',NULL,NULL),(6,2,6,'Menu','fa-bars','auth/menu',NULL,NULL),(7,2,7,'Operation log','fa-history','auth/logs',NULL,NULL),(8,0,8,'Catalog','fa-bars',NULL,'2018-05-15 10:37:06','2018-05-19 22:54:21'),(11,8,9,'Products','fa-product-hunt','products','2018-05-19 22:45:42','2018-05-19 22:54:21'),(12,8,10,'Fabrics','fa-bars','fabrics','2018-05-19 22:46:45','2018-05-19 22:54:21'),(13,8,11,'Fabric Filters','fa-bars','fabric_filter','2018-05-19 22:47:53','2018-05-19 22:54:21'),(14,8,12,'Lining Fabrics','fa-bars','linings','2018-05-19 22:51:46','2018-05-19 22:54:21'),(15,8,13,'Styles','fa-bars','styles','2018-05-19 22:52:33','2018-05-19 22:54:21'),(16,0,14,'Sales','fa-bars',NULL,'2018-05-29 10:18:22','2018-05-29 10:19:22'),(17,16,15,'Orders','fa-bars','orders','2018-05-29 10:18:44','2018-05-29 10:19:22'),(18,16,16,'Customers','fa-bars','customers','2018-05-29 10:18:59','2018-05-29 10:19:22');
/*!40000 ALTER TABLE `admin_menu` ENABLE KEYS */;
UNLOCK TABLES;

--
-- Table structure for table `admin_operation_log`
--

DROP TABLE IF EXISTS `admin_operation_log`;
/*!40101 SET @saved_cs_client     = @@character_set_client */;
/*!40101 SET character_set_client = utf8 */;
CREATE TABLE `admin_operation_log` (
  `id` int(10) unsigned NOT NULL AUTO_INCREMENT,
  `user_id` int(11) NOT NULL,
  `path` varchar(191) COLLATE utf8mb4_unicode_ci NOT NULL,
  `method` varchar(10) COLLATE utf8mb4_unicode_ci NOT NULL,
  `ip` varchar(15) COLLATE utf8mb4_unicode_ci NOT NULL,
  `input` text COLLATE utf8mb4_unicode_ci NOT NULL,
  `created_at` timestamp NULL DEFAULT NULL,
  `updated_at` timestamp NULL DEFAULT NULL,
  PRIMARY KEY (`id`),
  KEY `admin_operation_log_user_id_index` (`user_id`)
) ENGINE=InnoDB AUTO_INCREMENT=956 DEFAULT CHARSET=utf8mb4 COLLATE=utf8mb4_unicode_ci;
/*!40101 SET character_set_client = @saved_cs_client */;

--
-- Dumping data for table `admin_operation_log`
--

LOCK TABLES `admin_operation_log` WRITE;
/*!40000 ALTER TABLE `admin_operation_log` DISABLE KEYS */;
INSERT INTO `admin_operation_log` VALUES (1,1,'admin','GET','127.0.0.1','[]','2018-05-09 23:49:08','2018-05-09 23:49:08'),(2,1,'admin','GET','127.0.0.1','{\"_pjax\":\"#pjax-container\"}','2018-05-09 23:49:34','2018-05-09 23:49:34'),(3,1,'admin/auth/users','GET','127.0.0.1','{\"_pjax\":\"#pjax-container\"}','2018-05-09 23:50:34','2018-05-09 23:50:34'),(4,1,'admin/auth/users','GET','127.0.0.1','{\"_pjax\":\"#pjax-container\"}','2018-05-09 23:50:55','2018-05-09 23:50:55'),(5,1,'admin/auth/users/create','GET','127.0.0.1','{\"_pjax\":\"#pjax-container\"}','2018-05-09 23:50:58','2018-05-09 23:50:58'),(6,1,'admin/auth/users','GET','127.0.0.1','{\"_pjax\":\"#pjax-container\"}','2018-05-09 23:51:10','2018-05-09 23:51:10'),(7,1,'admin/auth/users','GET','127.0.0.1','{\"_pjax\":\"#pjax-container\",\"_export_\":\"page:1\"}','2018-05-09 23:51:15','2018-05-09 23:51:15'),(8,1,'admin/auth/roles','GET','127.0.0.1','{\"_pjax\":\"#pjax-container\"}','2018-05-09 23:51:19','2018-05-09 23:51:19'),(9,1,'admin/auth/permissions','GET','127.0.0.1','{\"_pjax\":\"#pjax-container\"}','2018-05-09 23:51:21','2018-05-09 23:51:21'),(10,1,'admin/auth/menu','GET','127.0.0.1','{\"_pjax\":\"#pjax-container\"}','2018-05-09 23:51:25','2018-05-09 23:51:25'),(11,1,'admin/auth/permissions','GET','127.0.0.1','{\"_pjax\":\"#pjax-container\"}','2018-05-09 23:51:37','2018-05-09 23:51:37'),(12,1,'admin/auth/roles','GET','127.0.0.1','{\"_pjax\":\"#pjax-container\"}','2018-05-09 23:51:39','2018-05-09 23:51:39'),(13,1,'admin/auth/permissions','GET','127.0.0.1','{\"_pjax\":\"#pjax-container\"}','2018-05-09 23:51:42','2018-05-09 23:51:42'),(14,1,'admin/auth/menu','GET','127.0.0.1','{\"_pjax\":\"#pjax-container\"}','2018-05-09 23:52:16','2018-05-09 23:52:16'),(15,1,'admin','GET','127.0.0.1','{\"_pjax\":\"#pjax-container\"}','2018-05-09 23:53:58','2018-05-09 23:53:58'),(16,1,'admin/auth/users','GET','127.0.0.1','{\"_pjax\":\"#pjax-container\"}','2018-05-09 23:56:09','2018-05-09 23:56:09'),(17,1,'admin/auth/logout','GET','127.0.0.1','{\"_pjax\":\"#pjax-container\"}','2018-05-09 23:57:41','2018-05-09 23:57:41'),(18,1,'admin','GET','127.0.0.1','[]','2018-05-11 08:55:48','2018-05-11 08:55:48'),(19,1,'admin/auth/setting','GET','127.0.0.1','{\"_pjax\":\"#pjax-container\"}','2018-05-11 08:55:58','2018-05-11 08:55:58'),(20,1,'admin/auth/setting','GET','127.0.0.1','[]','2018-05-11 09:01:07','2018-05-11 09:01:07'),(21,1,'admin/auth/setting','PUT','127.0.0.1','{\"name\":\"Administrator\",\"password\":\"admin123\",\"password_confirmation\":\"admin123\",\"_token\":\"M7gA5k56pNpINYPJljY3FUPnqeXYinx4a7xwiluH\",\"_method\":\"PUT\",\"_previous_\":\"http:\\/\\/handsyork.local\\/admin\"}','2018-05-11 09:01:59','2018-05-11 09:01:59'),(22,1,'admin/auth/setting','GET','127.0.0.1','[]','2018-05-11 09:01:59','2018-05-11 09:01:59'),(23,1,'admin/auth/setting','GET','127.0.0.1','{\"_pjax\":\"#pjax-container\"}','2018-05-11 09:02:10','2018-05-11 09:02:10'),(24,1,'admin/auth/logout','GET','127.0.0.1','{\"_pjax\":\"#pjax-container\"}','2018-05-11 09:02:23','2018-05-11 09:02:23'),(25,1,'admin','GET','127.0.0.1','[]','2018-05-11 09:02:29','2018-05-11 09:02:29'),(26,1,'admin/auth/setting','GET','127.0.0.1','{\"_pjax\":\"#pjax-container\"}','2018-05-11 09:02:37','2018-05-11 09:02:37'),(27,1,'admin/auth/setting','GET','127.0.0.1','[]','2018-05-11 09:02:48','2018-05-11 09:02:48'),(28,1,'admin/auth/setting','GET','127.0.0.1','[]','2018-05-11 09:02:57','2018-05-11 09:02:57'),(29,1,'admin/auth/users','GET','127.0.0.1','{\"_pjax\":\"#pjax-container\"}','2018-05-11 09:03:41','2018-05-11 09:03:41'),(30,1,'admin/auth/roles','GET','127.0.0.1','{\"_pjax\":\"#pjax-container\"}','2018-05-11 09:03:42','2018-05-11 09:03:42'),(31,1,'admin/auth/permissions','GET','127.0.0.1','{\"_pjax\":\"#pjax-container\"}','2018-05-11 09:03:44','2018-05-11 09:03:44'),(32,1,'admin/auth/menu','GET','127.0.0.1','{\"_pjax\":\"#pjax-container\"}','2018-05-11 09:03:45','2018-05-11 09:03:45'),(33,1,'admin','GET','127.0.0.1','{\"_pjax\":\"#pjax-container\"}','2018-05-11 09:04:32','2018-05-11 09:04:32'),(34,1,'admin','GET','127.0.0.1','[]','2018-05-15 08:54:52','2018-05-15 08:54:52'),(35,1,'admin/auth/users','GET','127.0.0.1','{\"_pjax\":\"#pjax-container\"}','2018-05-15 10:06:59','2018-05-15 10:06:59'),(36,1,'admin/auth/users','GET','127.0.0.1','{\"_pjax\":\"#pjax-container\"}','2018-05-15 10:07:46','2018-05-15 10:07:46'),(37,1,'admin/auth/users','GET','127.0.0.1','{\"_pjax\":\"#pjax-container\",\"id\":\"2\"}','2018-05-15 10:08:02','2018-05-15 10:08:02'),(38,1,'admin/auth/users','GET','127.0.0.1','{\"_pjax\":\"#pjax-container\",\"id\":\"2\",\"_export_\":\"all\"}','2018-05-15 10:08:13','2018-05-15 10:08:13'),(39,1,'admin/auth/users/create','GET','127.0.0.1','{\"_pjax\":\"#pjax-container\"}','2018-05-15 10:08:16','2018-05-15 10:08:16'),(40,1,'admin/auth/users','GET','127.0.0.1','{\"_pjax\":\"#pjax-container\"}','2018-05-15 10:09:17','2018-05-15 10:09:17'),(41,1,'admin/auth/users/create','GET','127.0.0.1','{\"_pjax\":\"#pjax-container\"}','2018-05-15 10:09:21','2018-05-15 10:09:21'),(42,1,'admin/auth/users','POST','127.0.0.1','{\"username\":null,\"name\":null,\"password\":null,\"password_confirmation\":null,\"roles\":[null],\"permissions\":[null],\"_token\":\"l5dqXjsAhcI4p5ic6BlUUhvsNtJUrdaT5PDzm82W\"}','2018-05-15 10:09:24','2018-05-15 10:09:24'),(43,1,'admin/auth/users/create','GET','127.0.0.1','[]','2018-05-15 10:09:24','2018-05-15 10:09:24'),(44,1,'admin/auth/menu','GET','127.0.0.1','{\"_pjax\":\"#pjax-container\"}','2018-05-15 10:35:24','2018-05-15 10:35:24'),(45,1,'admin','GET','127.0.0.1','{\"_pjax\":\"#pjax-container\"}','2018-05-15 10:35:36','2018-05-15 10:35:36'),(46,1,'admin/auth/menu','GET','127.0.0.1','{\"_pjax\":\"#pjax-container\"}','2018-05-15 10:35:39','2018-05-15 10:35:39'),(47,1,'admin/auth/menu/2/edit','GET','127.0.0.1','{\"_pjax\":\"#pjax-container\"}','2018-05-15 10:36:41','2018-05-15 10:36:41'),(48,1,'admin/auth/menu','GET','127.0.0.1','{\"_pjax\":\"#pjax-container\"}','2018-05-15 10:36:55','2018-05-15 10:36:55'),(49,1,'admin/auth/menu','POST','127.0.0.1','{\"parent_id\":\"0\",\"title\":\"Catalog\",\"icon\":\"fa-bars\",\"uri\":null,\"roles\":[\"1\",null],\"_token\":\"l5dqXjsAhcI4p5ic6BlUUhvsNtJUrdaT5PDzm82W\"}','2018-05-15 10:37:06','2018-05-15 10:37:06'),(50,1,'admin/auth/menu','GET','127.0.0.1','[]','2018-05-15 10:37:06','2018-05-15 10:37:06'),(51,1,'admin/auth/menu','POST','127.0.0.1','{\"parent_id\":\"8\",\"title\":\"Attributes\",\"icon\":\"fa-bars\",\"uri\":\"abttributes\",\"roles\":[\"1\",null],\"_token\":\"l5dqXjsAhcI4p5ic6BlUUhvsNtJUrdaT5PDzm82W\"}','2018-05-15 10:37:33','2018-05-15 10:37:33'),(52,1,'admin/auth/menu','GET','127.0.0.1','[]','2018-05-15 10:37:33','2018-05-15 10:37:33'),(53,1,'admin','GET','127.0.0.1','[]','2018-05-15 10:37:59','2018-05-15 10:37:59'),(54,1,'admin/auth/users','GET','127.0.0.1','{\"_pjax\":\"#pjax-container\"}','2018-05-15 10:38:24','2018-05-15 10:38:24'),(55,1,'admin/auth/menu','GET','127.0.0.1','{\"_pjax\":\"#pjax-container\"}','2018-05-15 10:38:28','2018-05-15 10:38:28'),(56,1,'admin/auth/menu/3/edit','GET','127.0.0.1','{\"_pjax\":\"#pjax-container\"}','2018-05-15 10:38:32','2018-05-15 10:38:32'),(57,1,'admin/auth/menu/3/edit','GET','127.0.0.1','[]','2018-05-15 10:38:57','2018-05-15 10:38:57'),(58,1,'admin/auth/menu','GET','127.0.0.1','{\"_pjax\":\"#pjax-container\"}','2018-05-15 10:39:31','2018-05-15 10:39:31'),(59,1,'admin/auth/menu/9/edit','GET','127.0.0.1','{\"_pjax\":\"#pjax-container\"}','2018-05-15 10:39:35','2018-05-15 10:39:35'),(60,1,'admin/auth/menu/9','PUT','127.0.0.1','{\"parent_id\":\"8\",\"title\":\"Attributes\",\"icon\":\"fa-bars\",\"uri\":\"attributes\",\"roles\":[\"1\",null],\"_token\":\"l5dqXjsAhcI4p5ic6BlUUhvsNtJUrdaT5PDzm82W\",\"_method\":\"PUT\",\"_previous_\":\"http:\\/\\/handsyork.local\\/admin\\/auth\\/menu\"}','2018-05-15 10:39:44','2018-05-15 10:39:44'),(61,1,'admin/auth/menu','GET','127.0.0.1','[]','2018-05-15 10:39:44','2018-05-15 10:39:44'),(62,1,'admin/auth/menu/9/edit','GET','127.0.0.1','[]','2018-05-15 10:40:07','2018-05-15 10:40:07'),(63,1,'admin/attributes','GET','127.0.0.1','[]','2018-05-15 10:46:56','2018-05-15 10:46:56'),(64,1,'admin/attributes','GET','127.0.0.1','[]','2018-05-15 10:47:24','2018-05-15 10:47:24'),(65,1,'admin/attributes','GET','127.0.0.1','[]','2018-05-15 10:47:31','2018-05-15 10:47:31'),(66,1,'admin/attributes/create','GET','127.0.0.1','{\"_pjax\":\"#pjax-container\"}','2018-05-15 10:47:38','2018-05-15 10:47:38'),(67,1,'admin/attributes','GET','127.0.0.1','{\"_pjax\":\"#pjax-container\"}','2018-05-15 10:47:44','2018-05-15 10:47:44'),(68,1,'admin/attributes/create','GET','127.0.0.1','{\"_pjax\":\"#pjax-container\"}','2018-05-15 10:48:18','2018-05-15 10:48:18'),(69,1,'admin/attributes/create','GET','127.0.0.1','[]','2018-05-15 10:48:58','2018-05-15 10:48:58'),(70,1,'admin/attributes/create','GET','127.0.0.1','[]','2018-05-15 10:49:48','2018-05-15 10:49:48'),(71,1,'admin/attributes','POST','127.0.0.1','{\"machine_name\":null,\"_token\":\"l5dqXjsAhcI4p5ic6BlUUhvsNtJUrdaT5PDzm82W\"}','2018-05-15 10:49:53','2018-05-15 10:49:53'),(72,1,'admin/attributes/create','GET','127.0.0.1','[]','2018-05-15 10:49:53','2018-05-15 10:49:53'),(73,1,'admin/attributes/create','GET','127.0.0.1','[]','2018-05-15 10:55:24','2018-05-15 10:55:24'),(74,1,'admin/attributes/create','GET','127.0.0.1','[]','2018-05-15 10:55:42','2018-05-15 10:55:42'),(75,1,'admin/attributes/create','GET','127.0.0.1','[]','2018-05-15 10:57:00','2018-05-15 10:57:00'),(76,1,'admin/attributes','POST','127.0.0.1','{\"machine_name\":\"fl\",\"title\":\"Front Length\",\"type\":\"Text\",\"default_value\":null,\"weight\":\"1\",\"_token\":\"l5dqXjsAhcI4p5ic6BlUUhvsNtJUrdaT5PDzm82W\"}','2018-05-15 10:57:39','2018-05-15 10:57:39'),(77,1,'admin/attributes/create','GET','127.0.0.1','[]','2018-05-15 10:57:39','2018-05-15 10:57:39'),(78,1,'admin/attributes','POST','127.0.0.1','{\"machine_name\":\"fl\",\"title\":\"Front Length\",\"type\":\"Text\",\"default_value\":\"23\",\"weight\":\"1\",\"_token\":\"l5dqXjsAhcI4p5ic6BlUUhvsNtJUrdaT5PDzm82W\"}','2018-05-15 10:58:16','2018-05-15 10:58:16'),(79,1,'admin/attributes','GET','127.0.0.1','[]','2018-05-15 10:58:16','2018-05-15 10:58:16'),(80,1,'admin/attributes/1/edit','GET','127.0.0.1','{\"_pjax\":\"#pjax-container\"}','2018-05-15 10:58:21','2018-05-15 10:58:21'),(81,1,'admin/attributes','GET','127.0.0.1','{\"_pjax\":\"#pjax-container\"}','2018-05-15 10:58:31','2018-05-15 10:58:31'),(82,1,'admin','GET','127.0.0.1','[]','2018-05-15 21:47:25','2018-05-15 21:47:25'),(83,1,'admin/auth/menu','GET','127.0.0.1','{\"_pjax\":\"#pjax-container\"}','2018-05-15 21:47:47','2018-05-15 21:47:47'),(84,1,'admin/auth/menu/9/edit','GET','127.0.0.1','{\"_pjax\":\"#pjax-container\"}','2018-05-15 21:47:55','2018-05-15 21:47:55'),(85,1,'admin/attributes','GET','127.0.0.1','{\"_pjax\":\"#pjax-container\"}','2018-05-15 21:48:55','2018-05-15 21:48:55'),(86,1,'admin/attributes/1/edit','GET','127.0.0.1','{\"_pjax\":\"#pjax-container\"}','2018-05-15 21:48:58','2018-05-15 21:48:58'),(87,1,'admin/attributes/1/edit','GET','127.0.0.1','[]','2018-05-15 21:49:44','2018-05-15 21:49:44'),(88,1,'admin/attributes/1/edit','GET','127.0.0.1','[]','2018-05-15 22:01:30','2018-05-15 22:01:30'),(89,1,'admin/attributes/1','PUT','127.0.0.1','{\"machine_name\":\"fl2\",\"title\":\"Front Length\",\"type\":null,\"default_value\":null,\"weight\":\"1\",\"_token\":\"65iNzr4bZoaeuwBdzBK2CPgYZ3vl0qSpWKgh8rpd\",\"_method\":\"PUT\"}','2018-05-15 22:01:38','2018-05-15 22:01:38'),(90,1,'admin/attributes/1/edit','GET','127.0.0.1','[]','2018-05-15 22:01:40','2018-05-15 22:01:40'),(91,1,'admin/attributes/1','PUT','127.0.0.1','{\"machine_name\":\"fl2\",\"title\":\"Front Length\",\"type\":\"select\",\"default_value\":null,\"weight\":\"1\",\"_token\":\"65iNzr4bZoaeuwBdzBK2CPgYZ3vl0qSpWKgh8rpd\",\"_method\":\"PUT\"}','2018-05-15 22:01:58','2018-05-15 22:01:58'),(92,1,'admin/attributes','GET','127.0.0.1','[]','2018-05-15 22:01:58','2018-05-15 22:01:58'),(93,1,'admin/attributes/1/edit','GET','127.0.0.1','{\"_pjax\":\"#pjax-container\"}','2018-05-15 22:02:09','2018-05-15 22:02:09'),(94,1,'admin/attributes/1/edit','GET','127.0.0.1','[]','2018-05-15 22:02:30','2018-05-15 22:02:30'),(95,1,'admin/attributes','GET','127.0.0.1','{\"_pjax\":\"#pjax-container\"}','2018-05-15 22:02:55','2018-05-15 22:02:55'),(96,1,'admin/attributes','GET','127.0.0.1','[]','2018-05-15 22:03:50','2018-05-15 22:03:50'),(97,1,'admin/attributes','GET','127.0.0.1','[]','2018-05-15 22:04:08','2018-05-15 22:04:08'),(98,1,'admin/attributes','GET','127.0.0.1','[]','2018-05-15 22:04:26','2018-05-15 22:04:26'),(99,1,'admin/attributes','GET','127.0.0.1','[]','2018-05-15 22:16:42','2018-05-15 22:16:42'),(100,1,'admin/attributes','GET','127.0.0.1','{\"id\":null,\"created_at\":{\"start\":\"2018-05-15 00:00:00\",\"end\":\"2018-05-17 00:00:00\"},\"_pjax\":\"#pjax-container\"}','2018-05-15 22:17:10','2018-05-15 22:17:10'),(101,1,'admin/attributes','GET','127.0.0.1','{\"id\":null,\"created_at\":{\"start\":\"2018-05-15 00:00:00\",\"end\":\"2018-05-17 00:00:00\"}}','2018-05-15 22:22:20','2018-05-15 22:22:20'),(102,1,'admin/attributes','GET','127.0.0.1','{\"id\":null,\"created_at\":{\"start\":\"2018-05-15 00:00:00\",\"end\":\"2018-05-17 00:00:00\"}}','2018-05-15 22:22:29','2018-05-15 22:22:29'),(103,1,'admin/attributes','GET','127.0.0.1','{\"id\":null,\"created_at\":{\"start\":\"2018-05-15 00:00:00\",\"end\":\"2018-05-17 00:00:00\"}}','2018-05-15 22:22:51','2018-05-15 22:22:51'),(104,1,'admin/attributes','GET','127.0.0.1','{\"id\":null,\"created_at\":{\"start\":\"2018-05-15 00:00:00\",\"end\":\"2018-05-17 00:00:00\"}}','2018-05-15 22:23:55','2018-05-15 22:23:55'),(105,1,'admin/attributes','GET','127.0.0.1','{\"id\":null,\"created_at\":{\"start\":\"2018-05-15 00:00:00\",\"end\":\"2018-05-17 00:00:00\"}}','2018-05-15 22:26:43','2018-05-15 22:26:43'),(106,1,'admin','GET','127.0.0.1','[]','2018-05-17 23:54:40','2018-05-17 23:54:40'),(107,1,'admin/attributes','GET','127.0.0.1','{\"_pjax\":\"#pjax-container\"}','2018-05-17 23:54:45','2018-05-17 23:54:45'),(108,1,'admin/attributes','GET','127.0.0.1','[]','2018-05-18 00:17:08','2018-05-18 00:17:08'),(109,1,'admin/auth/menu','GET','127.0.0.1','{\"_pjax\":\"#pjax-container\"}','2018-05-18 00:17:15','2018-05-18 00:17:15'),(110,1,'admin/auth/menu','POST','127.0.0.1','{\"parent_id\":\"8\",\"title\":\"Attribute Set\",\"icon\":\"fa-anchor\",\"uri\":\"attribute_sets\",\"roles\":[\"1\",null],\"_token\":\"gwMie80ldrMFti76lieFeUxlwoeJ7MQ2g9N8KkEv\"}','2018-05-18 00:18:01','2018-05-18 00:18:01'),(111,1,'admin/auth/menu','GET','127.0.0.1','[]','2018-05-18 00:18:01','2018-05-18 00:18:01'),(112,1,'admin','GET','127.0.0.1','{\"_pjax\":\"#pjax-container\"}','2018-05-18 00:18:07','2018-05-18 00:18:07'),(113,1,'admin/auth/menu','GET','127.0.0.1','{\"_pjax\":\"#pjax-container\"}','2018-05-18 00:18:18','2018-05-18 00:18:18'),(114,1,'admin/auth/logout','GET','127.0.0.1','{\"_pjax\":\"#pjax-container\"}','2018-05-18 00:18:25','2018-05-18 00:18:25'),(115,1,'admin','GET','127.0.0.1','[]','2018-05-18 00:18:30','2018-05-18 00:18:30'),(116,1,'admin/attribute_sets','GET','127.0.0.1','{\"_pjax\":\"#pjax-container\"}','2018-05-18 00:18:33','2018-05-18 00:18:33'),(117,1,'admin/attribute_sets/create','GET','127.0.0.1','{\"_pjax\":\"#pjax-container\"}','2018-05-18 00:18:37','2018-05-18 00:18:37'),(118,1,'admin/attribute_sets','GET','127.0.0.1','{\"_pjax\":\"#pjax-container\"}','2018-05-18 00:18:40','2018-05-18 00:18:40'),(119,1,'admin/attribute_sets','GET','127.0.0.1','[]','2018-05-18 00:19:58','2018-05-18 00:19:58'),(120,1,'admin/attribute_sets/create','GET','127.0.0.1','{\"_pjax\":\"#pjax-container\"}','2018-05-18 00:20:34','2018-05-18 00:20:34'),(121,1,'admin/attribute_sets/create','GET','127.0.0.1','[]','2018-05-18 00:20:51','2018-05-18 00:20:51'),(122,1,'admin/attribute_sets/create','GET','127.0.0.1','[]','2018-05-18 00:32:46','2018-05-18 00:32:46'),(123,1,'admin/attributes','GET','127.0.0.1','{\"_pjax\":\"#pjax-container\"}','2018-05-18 00:32:53','2018-05-18 00:32:53'),(124,1,'admin/attributes/create','GET','127.0.0.1','{\"_pjax\":\"#pjax-container\"}','2018-05-18 00:32:55','2018-05-18 00:32:55'),(125,1,'admin/attributes','POST','127.0.0.1','{\"machine_name\":\"fl\",\"title\":\"Full Length\",\"type\":\"text\",\"default_value\":null,\"weight\":\"1\",\"_token\":\"4R35ILWSWL4FFH3ZUyUL2LP7qm0Ng8nSRjPBG6xa\",\"_previous_\":\"http:\\/\\/handsyork.local\\/admin\\/attributes\"}','2018-05-18 00:33:29','2018-05-18 00:33:29'),(126,1,'admin/attributes','GET','127.0.0.1','[]','2018-05-18 00:33:29','2018-05-18 00:33:29'),(127,1,'admin/attributes/create','GET','127.0.0.1','{\"_pjax\":\"#pjax-container\"}','2018-05-18 00:33:31','2018-05-18 00:33:31'),(128,1,'admin/attributes','POST','127.0.0.1','{\"machine_name\":\"position\",\"title\":\"Position\",\"type\":\"select\",\"default_value\":null,\"weight\":\"2\",\"_token\":\"4R35ILWSWL4FFH3ZUyUL2LP7qm0Ng8nSRjPBG6xa\",\"_previous_\":\"http:\\/\\/handsyork.local\\/admin\\/attributes\"}','2018-05-18 00:33:50','2018-05-18 00:33:50'),(129,1,'admin/attributes','GET','127.0.0.1','[]','2018-05-18 00:33:50','2018-05-18 00:33:50'),(130,1,'admin/attribute_sets','GET','127.0.0.1','{\"_pjax\":\"#pjax-container\"}','2018-05-18 00:33:53','2018-05-18 00:33:53'),(131,1,'admin/attribute_sets/create','GET','127.0.0.1','{\"_pjax\":\"#pjax-container\"}','2018-05-18 00:33:55','2018-05-18 00:33:55'),(132,1,'admin/attribute_sets/create','GET','127.0.0.1','[]','2018-05-18 00:35:25','2018-05-18 00:35:25'),(133,1,'admin/attribute_sets/create','GET','127.0.0.1','[]','2018-05-18 00:35:41','2018-05-18 00:35:41'),(134,1,'admin/attribute_sets/create','GET','127.0.0.1','[]','2018-05-18 00:37:20','2018-05-18 00:37:20'),(135,1,'admin/attribute_sets/create','GET','127.0.0.1','[]','2018-05-18 00:40:45','2018-05-18 00:40:45'),(136,1,'admin/attribute_sets/create','GET','127.0.0.1','[]','2018-05-18 00:40:57','2018-05-18 00:40:57'),(137,1,'admin/attribute_sets/create','GET','127.0.0.1','[]','2018-05-18 00:42:35','2018-05-18 00:42:35'),(138,1,'admin/attribute_sets/create','GET','127.0.0.1','[]','2018-05-18 00:42:53','2018-05-18 00:42:53'),(139,1,'admin/attribute_sets/create','GET','127.0.0.1','[]','2018-05-18 00:43:00','2018-05-18 00:43:00'),(140,1,'admin/attribute_sets/create','GET','127.0.0.1','[]','2018-05-18 00:43:43','2018-05-18 00:43:43'),(141,1,'admin/attribute_sets/create','GET','127.0.0.1','[]','2018-05-18 00:44:06','2018-05-18 00:44:06'),(142,1,'admin/attribute_sets','POST','127.0.0.1','{\"name\":\"Bazar\",\"machine_name\":\"blazer\",\"attributes\":[\"1\",\"2\",null],\"_token\":\"4R35ILWSWL4FFH3ZUyUL2LP7qm0Ng8nSRjPBG6xa\"}','2018-05-18 00:44:31','2018-05-18 00:44:31'),(143,1,'admin/attribute_sets/create','GET','127.0.0.1','[]','2018-05-18 00:44:31','2018-05-18 00:44:31'),(144,1,'admin/attributes','GET','127.0.0.1','[]','2018-05-18 07:47:54','2018-05-18 07:47:54'),(145,1,'admin/attributes/create','GET','127.0.0.1','{\"_pjax\":\"#pjax-container\"}','2018-05-18 07:47:57','2018-05-18 07:47:57'),(146,1,'admin/attributes','POST','127.0.0.1','{\"machine_name\":\"fl\",\"title\":\"Front Length\",\"type\":\"text\",\"default_value\":null,\"weight\":\"1\",\"_token\":\"ghWgyG66CcPhuiVsLJrCTMensZy5QvKScS6VidIh\",\"_previous_\":\"http:\\/\\/handsyork.local\\/admin\\/attributes\"}','2018-05-18 07:48:10','2018-05-18 07:48:10'),(147,1,'admin/attributes','GET','127.0.0.1','[]','2018-05-18 07:48:11','2018-05-18 07:48:11'),(148,1,'admin/attributes/create','GET','127.0.0.1','{\"_pjax\":\"#pjax-container\"}','2018-05-18 07:48:13','2018-05-18 07:48:13'),(149,1,'admin/attributes','POST','127.0.0.1','{\"machine_name\":\"position\",\"title\":\"Position\",\"type\":\"select\",\"default_value\":null,\"weight\":\"0\",\"_token\":\"ghWgyG66CcPhuiVsLJrCTMensZy5QvKScS6VidIh\",\"_previous_\":\"http:\\/\\/handsyork.local\\/admin\\/attributes\"}','2018-05-18 07:49:07','2018-05-18 07:49:07'),(150,1,'admin/attributes','GET','127.0.0.1','[]','2018-05-18 07:49:07','2018-05-18 07:49:07'),(151,1,'admin/attribute_sets','GET','127.0.0.1','{\"_pjax\":\"#pjax-container\"}','2018-05-18 07:49:12','2018-05-18 07:49:12'),(152,1,'admin/attribute_sets/create','GET','127.0.0.1','{\"_pjax\":\"#pjax-container\"}','2018-05-18 07:49:14','2018-05-18 07:49:14'),(153,1,'admin/attribute_sets','POST','127.0.0.1','{\"name\":\"Blazer\",\"machine_name\":\"blazeer\",\"attributes\":[\"1\",\"2\",null],\"_token\":\"ghWgyG66CcPhuiVsLJrCTMensZy5QvKScS6VidIh\",\"_previous_\":\"http:\\/\\/handsyork.local\\/admin\\/attribute_sets\"}','2018-05-18 07:49:31','2018-05-18 07:49:31'),(154,1,'admin/attribute_sets/create','GET','127.0.0.1','[]','2018-05-18 07:49:31','2018-05-18 07:49:31'),(155,1,'admin/attribute_sets/create','GET','127.0.0.1','{\"_pjax\":\"#pjax-container\"}','2018-05-18 07:56:19','2018-05-18 07:56:19'),(156,1,'admin/attributes','GET','127.0.0.1','{\"_pjax\":\"#pjax-container\"}','2018-05-18 07:56:22','2018-05-18 07:56:22'),(157,1,'admin/attributes/create','GET','127.0.0.1','{\"_pjax\":\"#pjax-container\"}','2018-05-18 07:56:23','2018-05-18 07:56:23'),(158,1,'admin/attributes','POST','127.0.0.1','{\"machine_name\":\"fl\",\"title\":\"Front Length\",\"type\":\"text\",\"default_value\":null,\"weight\":\"0\",\"_token\":\"ghWgyG66CcPhuiVsLJrCTMensZy5QvKScS6VidIh\",\"_previous_\":\"http:\\/\\/handsyork.local\\/admin\\/attributes\"}','2018-05-18 07:56:31','2018-05-18 07:56:31'),(159,1,'admin/attributes','GET','127.0.0.1','[]','2018-05-18 07:56:31','2018-05-18 07:56:31'),(160,1,'admin/attributes/create','GET','127.0.0.1','{\"_pjax\":\"#pjax-container\"}','2018-05-18 07:56:33','2018-05-18 07:56:33'),(161,1,'admin/attributes','POST','127.0.0.1','{\"machine_name\":\"position\",\"title\":\"Position\",\"type\":\"select\",\"default_value\":null,\"weight\":\"0\",\"_token\":\"ghWgyG66CcPhuiVsLJrCTMensZy5QvKScS6VidIh\",\"_previous_\":\"http:\\/\\/handsyork.local\\/admin\\/attributes\"}','2018-05-18 07:56:45','2018-05-18 07:56:45'),(162,1,'admin/attributes','GET','127.0.0.1','[]','2018-05-18 07:56:45','2018-05-18 07:56:45'),(163,1,'admin/attribute_sets','GET','127.0.0.1','{\"_pjax\":\"#pjax-container\"}','2018-05-18 07:56:48','2018-05-18 07:56:48'),(164,1,'admin/attribute_sets','GET','127.0.0.1','{\"_pjax\":\"#pjax-container\"}','2018-05-18 07:56:50','2018-05-18 07:56:50'),(165,1,'admin/attribute_sets/create','GET','127.0.0.1','{\"_pjax\":\"#pjax-container\"}','2018-05-18 07:56:54','2018-05-18 07:56:54'),(166,1,'admin/attribute_sets','POST','127.0.0.1','{\"name\":\"Bazar\",\"machine_name\":\"blazer\",\"attributes\":[\"1\",\"2\",null],\"_token\":\"ghWgyG66CcPhuiVsLJrCTMensZy5QvKScS6VidIh\",\"_previous_\":\"http:\\/\\/handsyork.local\\/admin\\/attribute_sets\"}','2018-05-18 07:57:12','2018-05-18 07:57:12'),(167,1,'admin/attribute_sets','GET','127.0.0.1','[]','2018-05-18 07:57:12','2018-05-18 07:57:12'),(168,1,'admin/attribute_sets','GET','127.0.0.1','{\"_pjax\":\"#pjax-container\"}','2018-05-18 08:00:04','2018-05-18 08:00:04'),(169,1,'admin/attribute_sets','GET','127.0.0.1','[]','2018-05-18 08:00:40','2018-05-18 08:00:40'),(170,1,'admin/attribute_sets','GET','127.0.0.1','[]','2018-05-18 08:00:49','2018-05-18 08:00:49'),(171,1,'admin/attribute_sets','GET','127.0.0.1','[]','2018-05-18 08:01:30','2018-05-18 08:01:30'),(172,1,'admin/attribute_sets','GET','127.0.0.1','[]','2018-05-18 08:01:41','2018-05-18 08:01:41'),(173,1,'admin/attribute_sets/1/edit','GET','127.0.0.1','{\"_pjax\":\"#pjax-container\"}','2018-05-18 08:01:44','2018-05-18 08:01:44'),(174,1,'admin/attribute_sets','GET','127.0.0.1','{\"_pjax\":\"#pjax-container\"}','2018-05-18 08:01:48','2018-05-18 08:01:48'),(175,1,'admin/attribute_sets','GET','127.0.0.1','[]','2018-05-18 08:08:57','2018-05-18 08:08:57'),(176,1,'admin/attribute_sets','GET','127.0.0.1','[]','2018-05-18 08:09:39','2018-05-18 08:09:39'),(177,1,'admin/attribute_sets/1/edit','GET','127.0.0.1','{\"_pjax\":\"#pjax-container\"}','2018-05-18 08:09:42','2018-05-18 08:09:42'),(178,1,'admin/attribute_sets','GET','127.0.0.1','{\"_pjax\":\"#pjax-container\"}','2018-05-18 08:09:44','2018-05-18 08:09:44'),(179,1,'admin/attribute_sets','GET','127.0.0.1','{\"_pjax\":\"#pjax-container\"}','2018-05-18 08:10:37','2018-05-18 08:10:37'),(180,1,'admin/attribute_sets','GET','127.0.0.1','{\"_pjax\":\"#pjax-container\"}','2018-05-18 08:10:37','2018-05-18 08:10:37'),(181,1,'admin/attribute_sets/create','GET','127.0.0.1','{\"_pjax\":\"#pjax-container\"}','2018-05-18 08:18:58','2018-05-18 08:18:58'),(182,1,'admin/attribute_sets/create','GET','127.0.0.1','[]','2018-05-18 08:19:59','2018-05-18 08:19:59'),(183,1,'admin/attribute_sets/create','GET','127.0.0.1','[]','2018-05-18 08:20:28','2018-05-18 08:20:28'),(184,1,'admin/attribute_sets/create','GET','127.0.0.1','[]','2018-05-18 08:20:48','2018-05-18 08:20:48'),(185,1,'admin/attribute_sets','GET','127.0.0.1','{\"_pjax\":\"#pjax-container\"}','2018-05-18 09:07:56','2018-05-18 09:07:56'),(186,1,'admin/attribute_sets','GET','127.0.0.1','{\"_pjax\":\"#pjax-container\",\"_export_\":\"page:1\"}','2018-05-18 09:08:04','2018-05-18 09:08:04'),(187,1,'admin/attribute_sets','GET','127.0.0.1','{\"_pjax\":\"#pjax-container\",\"id\":\"5\"}','2018-05-18 09:08:13','2018-05-18 09:08:13'),(188,1,'admin/attribute_sets','GET','127.0.0.1','{\"id\":\"1\"}','2018-05-18 09:08:23','2018-05-18 09:08:23'),(189,1,'admin/attribute_sets','GET','127.0.0.1','{\"_pjax\":\"#pjax-container\"}','2018-05-18 09:08:30','2018-05-18 09:08:30'),(190,1,'admin/attribute_sets','GET','127.0.0.1','{\"_pjax\":\"#pjax-container\"}','2018-05-18 09:08:32','2018-05-18 09:08:32'),(191,1,'admin/attribute_sets','GET','127.0.0.1','{\"_pjax\":\"#pjax-container\"}','2018-05-18 09:08:42','2018-05-18 09:08:42'),(192,1,'admin/attributes','GET','127.0.0.1','{\"_pjax\":\"#pjax-container\"}','2018-05-18 09:11:27','2018-05-18 09:11:27'),(193,1,'admin/attributes/create','GET','127.0.0.1','{\"_pjax\":\"#pjax-container\"}','2018-05-18 09:11:31','2018-05-18 09:11:31'),(194,1,'admin/attributes','GET','127.0.0.1','{\"_pjax\":\"#pjax-container\"}','2018-05-18 09:11:33','2018-05-18 09:11:33'),(195,1,'admin/attributes/create','GET','127.0.0.1','{\"_pjax\":\"#pjax-container\"}','2018-05-18 09:11:36','2018-05-18 09:11:36'),(196,1,'admin/attributes/create','GET','127.0.0.1','[]','2018-05-18 09:13:34','2018-05-18 09:13:34'),(197,1,'admin/attributes/create','GET','127.0.0.1','[]','2018-05-18 09:34:14','2018-05-18 09:34:14'),(198,1,'admin/attributes','GET','127.0.0.1','{\"_pjax\":\"#pjax-container\"}','2018-05-18 09:34:53','2018-05-18 09:34:53'),(199,1,'admin/fabric_composition','GET','127.0.0.1','[]','2018-05-18 10:12:38','2018-05-18 10:12:38'),(200,1,'admin/fabric_composition/create','GET','127.0.0.1','{\"_pjax\":\"#pjax-container\"}','2018-05-18 10:12:41','2018-05-18 10:12:41'),(201,1,'admin/fabric_composition','GET','127.0.0.1','{\"_pjax\":\"#pjax-container\"}','2018-05-18 10:12:43','2018-05-18 10:12:43'),(202,1,'admin/fabric_filter','GET','127.0.0.1','[]','2018-05-18 10:18:03','2018-05-18 10:18:03'),(203,1,'admin/fabric_filter/create','GET','127.0.0.1','{\"_pjax\":\"#pjax-container\"}','2018-05-18 10:18:06','2018-05-18 10:18:06'),(204,1,'admin/fabric_filter/create','GET','127.0.0.1','[]','2018-05-18 10:19:20','2018-05-18 10:19:20'),(205,1,'admin/fabric_filter/create','GET','127.0.0.1','[]','2018-05-18 10:20:20','2018-05-18 10:20:20'),(206,1,'admin/fabric_filter','POST','127.0.0.1','{\"title\":\"Wool\",\"type\":\"composition\",\"_token\":\"ghWgyG66CcPhuiVsLJrCTMensZy5QvKScS6VidIh\"}','2018-05-18 10:20:48','2018-05-18 10:20:48'),(207,1,'admin/fabric_filter','GET','127.0.0.1','[]','2018-05-18 10:20:48','2018-05-18 10:20:48'),(208,1,'admin/fabric_filter/create','GET','127.0.0.1','{\"_pjax\":\"#pjax-container\"}','2018-05-18 10:26:36','2018-05-18 10:26:36'),(209,1,'admin/fabric_filter','POST','127.0.0.1','{\"title\":\"Black\",\"type\":\"color\",\"_token\":\"ghWgyG66CcPhuiVsLJrCTMensZy5QvKScS6VidIh\",\"_previous_\":\"http:\\/\\/handsyork.local\\/admin\\/fabric_filter\"}','2018-05-18 10:26:51','2018-05-18 10:26:51'),(210,1,'admin/fabric_filter/create','GET','127.0.0.1','[]','2018-05-18 10:26:51','2018-05-18 10:26:51'),(211,1,'admin/fabric_filter','POST','127.0.0.1','{\"title\":\"Black\",\"type\":\"color\",\"_token\":\"ghWgyG66CcPhuiVsLJrCTMensZy5QvKScS6VidIh\"}','2018-05-18 10:27:10','2018-05-18 10:27:10'),(212,1,'admin/fabric_filter/create','GET','127.0.0.1','[]','2018-05-18 10:27:11','2018-05-18 10:27:11'),(213,1,'admin/fabric_filter','POST','127.0.0.1','{\"title\":\"White\",\"type\":\"color\",\"_token\":\"ghWgyG66CcPhuiVsLJrCTMensZy5QvKScS6VidIh\"}','2018-05-18 10:30:49','2018-05-18 10:30:49'),(214,1,'admin/fabric_filter/create','GET','127.0.0.1','[]','2018-05-18 10:30:49','2018-05-18 10:30:49'),(215,1,'admin/fabric_filter','POST','127.0.0.1','{\"title\":\"White\",\"type\":\"color\",\"_token\":\"ghWgyG66CcPhuiVsLJrCTMensZy5QvKScS6VidIh\"}','2018-05-18 10:31:05','2018-05-18 10:31:05'),(216,1,'admin/fabric_filter/create','GET','127.0.0.1','[]','2018-05-18 10:31:05','2018-05-18 10:31:05'),(217,1,'admin/fabric_filter','POST','127.0.0.1','{\"title\":\"Solid\",\"type\":\"patterns\",\"_token\":\"ghWgyG66CcPhuiVsLJrCTMensZy5QvKScS6VidIh\"}','2018-05-18 10:31:58','2018-05-18 10:31:58'),(218,1,'admin/fabric_filter/create','GET','127.0.0.1','[]','2018-05-18 10:31:58','2018-05-18 10:31:58'),(219,1,'admin/fabric_filter','POST','127.0.0.1','{\"title\":\"Lining 1\",\"type\":\"catagory\",\"_token\":\"ghWgyG66CcPhuiVsLJrCTMensZy5QvKScS6VidIh\"}','2018-05-18 10:34:18','2018-05-18 10:34:18'),(220,1,'admin/fabric_filter/create','GET','127.0.0.1','[]','2018-05-18 10:34:18','2018-05-18 10:34:18'),(221,1,'admin/fabric_filter','GET','127.0.0.1','{\"_pjax\":\"#pjax-container\"}','2018-05-18 10:34:25','2018-05-18 10:34:25'),(222,1,'admin/fabric_filter','GET','127.0.0.1','[]','2018-05-18 10:34:52','2018-05-18 10:34:52'),(223,1,'admin/fabric_filter','GET','127.0.0.1','[]','2018-05-18 10:35:17','2018-05-18 10:35:17'),(224,1,'admin/fabric_filter','GET','127.0.0.1','[]','2018-05-18 10:41:40','2018-05-18 10:41:40'),(225,1,'admin/fabric_filter','GET','127.0.0.1','[]','2018-05-18 10:44:22','2018-05-18 10:44:22'),(226,1,'admin/fabric_filter','GET','127.0.0.1','{\"id\":null,\"type\":[\"composition\"],\"_pjax\":\"#pjax-container\"}','2018-05-18 10:44:32','2018-05-18 10:44:32'),(227,1,'admin/fabric_filter','GET','127.0.0.1','{\"_pjax\":\"#pjax-container\",\"id\":null,\"type\":[\"patterns\"]}','2018-05-18 10:44:41','2018-05-18 10:44:41'),(228,1,'admin/fabric_filter','GET','127.0.0.1','{\"id\":null,\"type\":[\"patterns\"]}','2018-05-18 10:45:35','2018-05-18 10:45:35'),(229,1,'admin/fabric_filter','GET','127.0.0.1','{\"id\":null,\"title\":\"woo\",\"_pjax\":\"#pjax-container\"}','2018-05-18 10:45:50','2018-05-18 10:45:50'),(230,1,'admin/fabric_filter','GET','127.0.0.1','{\"id\":null,\"title\":\"woo\"}','2018-05-18 10:47:36','2018-05-18 10:47:36'),(231,1,'admin/fabric_filter','GET','127.0.0.1','[]','2018-05-18 10:48:16','2018-05-18 10:48:16'),(232,1,'admin/fabric_filter','GET','127.0.0.1','{\"_pjax\":\"#pjax-container\"}','2018-05-18 10:48:21','2018-05-18 10:48:21'),(233,1,'admin/fabric_filter','GET','127.0.0.1','{\"_pjax\":\"#pjax-container\"}','2018-05-18 10:48:22','2018-05-18 10:48:22'),(234,1,'admin/fabric_filter','GET','127.0.0.1','{\"_pjax\":\"#pjax-container\"}','2018-05-18 10:48:26','2018-05-18 10:48:26'),(235,1,'admin/fabric','GET','127.0.0.1','[]','2018-05-18 11:17:00','2018-05-18 11:17:00'),(236,1,'admin/fabric/create','GET','127.0.0.1','{\"_pjax\":\"#pjax-container\"}','2018-05-18 11:17:03','2018-05-18 11:17:03'),(237,1,'admin/fabric/create','GET','127.0.0.1','[]','2018-05-18 11:29:09','2018-05-18 11:29:09'),(238,1,'admin/fabric/create','GET','127.0.0.1','[]','2018-05-18 11:29:34','2018-05-18 11:29:34'),(239,1,'admin/fabric/create','GET','127.0.0.1','[]','2018-05-18 11:30:16','2018-05-18 11:30:16'),(240,1,'admin/fabric/create','GET','127.0.0.1','[]','2018-05-18 11:32:18','2018-05-18 11:32:18'),(241,1,'admin/fabric/create','GET','127.0.0.1','[]','2018-05-18 11:38:12','2018-05-18 11:38:12'),(242,1,'admin/fabric/create','GET','127.0.0.1','[]','2018-05-18 11:38:48','2018-05-18 11:38:48'),(243,1,'admin/fabric/create','GET','127.0.0.1','[]','2018-05-18 11:39:18','2018-05-18 11:39:18'),(244,1,'admin/fabric_filter','GET','127.0.0.1','[]','2018-05-18 11:40:24','2018-05-18 11:40:24'),(245,1,'admin/fabric_filter/create','GET','127.0.0.1','{\"_pjax\":\"#pjax-container\"}','2018-05-18 11:40:28','2018-05-18 11:40:28'),(246,1,'admin/fabric_filter','POST','127.0.0.1','{\"title\":\"Black\",\"type\":\"color\",\"_token\":\"ghWgyG66CcPhuiVsLJrCTMensZy5QvKScS6VidIh\",\"_previous_\":\"http:\\/\\/handsyork.local\\/admin\\/fabric_filter\"}','2018-05-18 11:40:35','2018-05-18 11:40:35'),(247,1,'admin/fabric_filter/create','GET','127.0.0.1','[]','2018-05-18 11:40:35','2018-05-18 11:40:35'),(248,1,'admin/fabric','GET','127.0.0.1','[]','2018-05-18 11:40:44','2018-05-18 11:40:44'),(249,1,'admin/fabric/create','GET','127.0.0.1','{\"_pjax\":\"#pjax-container\"}','2018-05-18 11:40:47','2018-05-18 11:40:47'),(250,1,'admin/fabric','POST','127.0.0.1','{\"composition_id\":\"1\",\"color_id\":\"4\",\"pattern_id\":\"2\",\"category_id\":\"3\",\"images\":{\"new_1\":{\"caption\":\"12334564\",\"id\":null,\"_remove_\":\"0\"}},\"_token\":\"ghWgyG66CcPhuiVsLJrCTMensZy5QvKScS6VidIh\",\"_previous_\":\"http:\\/\\/handsyork.local\\/admin\\/fabric\"}','2018-05-18 11:42:29','2018-05-18 11:42:29'),(251,1,'admin/fabric/create','GET','127.0.0.1','[]','2018-05-18 11:42:30','2018-05-18 11:42:30'),(252,1,'admin/fabric','GET','127.0.0.1','[]','2018-05-18 11:45:57','2018-05-18 11:45:57'),(253,1,'admin/fabric/create','GET','127.0.0.1','{\"_pjax\":\"#pjax-container\"}','2018-05-18 11:46:02','2018-05-18 11:46:02'),(254,1,'admin/fabric','POST','127.0.0.1','{\"composition_id\":\"1\",\"color_id\":\"4\",\"pattern_id\":\"2\",\"category_id\":\"3\",\"images\":{\"new_1\":{\"caption\":\"123123\",\"id\":null,\"_remove_\":\"0\"}},\"_token\":\"ghWgyG66CcPhuiVsLJrCTMensZy5QvKScS6VidIh\",\"_previous_\":\"http:\\/\\/handsyork.local\\/admin\\/fabric\"}','2018-05-18 11:51:35','2018-05-18 11:51:35'),(255,1,'admin/fabric/create','GET','127.0.0.1','[]','2018-05-18 11:51:35','2018-05-18 11:51:35'),(256,1,'admin/fabric','GET','127.0.0.1','{\"_pjax\":\"#pjax-container\"}','2018-05-18 11:54:31','2018-05-18 11:54:31'),(257,1,'admin/fabric','GET','127.0.0.1','{\"_pjax\":\"#pjax-container\"}','2018-05-18 11:54:33','2018-05-18 11:54:33'),(258,1,'admin','GET','127.0.0.1','[]','2018-05-18 22:35:09','2018-05-18 22:35:09'),(259,1,'admin/attributes','GET','127.0.0.1','{\"_pjax\":\"#pjax-container\"}','2018-05-18 22:36:00','2018-05-18 22:36:00'),(260,1,'admin/attributes/create','GET','127.0.0.1','{\"_pjax\":\"#pjax-container\"}','2018-05-18 22:36:39','2018-05-18 22:36:39'),(261,1,'admin/attributes','GET','127.0.0.1','{\"_pjax\":\"#pjax-container\"}','2018-05-18 22:36:42','2018-05-18 22:36:42'),(262,1,'admin','GET','127.0.0.1','[]','2018-05-19 07:32:06','2018-05-19 07:32:06'),(263,1,'admin/fabric','GET','127.0.0.1','[]','2018-05-19 07:32:14','2018-05-19 07:32:14'),(264,1,'admin/fabric/create','GET','127.0.0.1','{\"_pjax\":\"#pjax-container\"}','2018-05-19 07:32:18','2018-05-19 07:32:18'),(265,1,'admin/fabric','POST','127.0.0.1','{\"composition_id\":\"1\",\"color_id\":\"4\",\"pattern_id\":\"2\",\"category_id\":\"3\",\"images\":{\"new_1\":{\"caption\":\"2345\",\"id\":null,\"_remove_\":\"0\"}},\"_token\":\"obXcL85rKwcN43mxzk7j3K602ZMaasMIX55WPkTs\",\"_previous_\":\"http:\\/\\/handsyork.local\\/admin\\/fabric\"}','2018-05-19 07:34:04','2018-05-19 07:34:04'),(266,1,'admin/fabric/create','GET','127.0.0.1','[]','2018-05-19 07:34:06','2018-05-19 07:34:06'),(267,1,'admin/fabric','POST','127.0.0.1','{\"composition_id\":\"1\",\"color_id\":\"4\",\"pattern_id\":\"2\",\"category_id\":\"3\",\"images\":{\"new_1\":{\"caption\":\"2345\",\"id\":null,\"_remove_\":\"0\"}},\"_token\":\"obXcL85rKwcN43mxzk7j3K602ZMaasMIX55WPkTs\"}','2018-05-19 07:41:10','2018-05-19 07:41:10'),(268,1,'admin/fabric','GET','127.0.0.1','[]','2018-05-19 07:41:10','2018-05-19 07:41:10'),(269,1,'admin/fabric','GET','127.0.0.1','{\"_pjax\":\"#pjax-container\"}','2018-05-19 07:41:48','2018-05-19 07:41:48'),(270,1,'admin/fabric','GET','127.0.0.1','{\"_pjax\":\"#pjax-container\"}','2018-05-19 07:41:54','2018-05-19 07:41:54'),(271,1,'admin/fabric/2/edit','GET','127.0.0.1','{\"_pjax\":\"#pjax-container\"}','2018-05-19 07:42:00','2018-05-19 07:42:00'),(272,1,'admin/fabric/2/edit','GET','127.0.0.1','[]','2018-05-19 07:42:52','2018-05-19 07:42:52'),(273,1,'admin/fabric/2','PUT','127.0.0.1','{\"composition_id\":\"1\",\"color_id\":\"4\",\"pattern_id\":\"2\",\"category_id\":\"3\",\"images\":{\"1\":{\"caption\":\"2345\",\"id\":\"1\",\"_remove_\":\"0\"},\"new_1\":{\"caption\":\"123\",\"id\":null,\"_remove_\":\"0\"},\"new_2\":{\"caption\":\"345354\",\"id\":null,\"_remove_\":\"0\"}},\"_token\":\"obXcL85rKwcN43mxzk7j3K602ZMaasMIX55WPkTs\",\"_method\":\"PUT\",\"_previous_\":\"http:\\/\\/handsyork.local\\/admin\\/fabric\"}','2018-05-19 07:43:21','2018-05-19 07:43:21'),(274,1,'admin/fabric','GET','127.0.0.1','[]','2018-05-19 07:43:21','2018-05-19 07:43:21'),(275,1,'admin/fabric/2/edit','GET','127.0.0.1','{\"_pjax\":\"#pjax-container\"}','2018-05-19 07:43:23','2018-05-19 07:43:23'),(276,1,'admin/fabric/2/edit','GET','127.0.0.1','[]','2018-05-19 07:44:50','2018-05-19 07:44:50'),(277,1,'admin/fabric/2/edit','GET','127.0.0.1','[]','2018-05-19 07:45:05','2018-05-19 07:45:05'),(278,1,'admin/fabric','GET','127.0.0.1','{\"_pjax\":\"#pjax-container\"}','2018-05-19 07:45:44','2018-05-19 07:45:44'),(279,1,'admin/fabric','GET','127.0.0.1','{\"_pjax\":\"#pjax-container\"}','2018-05-19 07:47:25','2018-05-19 07:47:25'),(280,1,'admin/fabric','GET','127.0.0.1','{\"_pjax\":\"#pjax-container\"}','2018-05-19 07:47:25','2018-05-19 07:47:25'),(281,1,'admin/products','GET','127.0.0.1','[]','2018-05-19 08:05:54','2018-05-19 08:05:54'),(282,1,'admin/products','GET','127.0.0.1','{\"_pjax\":\"#pjax-container\"}','2018-05-19 08:05:56','2018-05-19 08:05:56'),(283,1,'admin/products/create','GET','127.0.0.1','{\"_pjax\":\"#pjax-container\"}','2018-05-19 08:05:58','2018-05-19 08:05:58'),(284,1,'admin/products/create','GET','127.0.0.1','[]','2018-05-19 08:06:20','2018-05-19 08:06:20'),(285,1,'admin/products','GET','127.0.0.1','[]','2018-05-19 08:06:26','2018-05-19 08:06:26'),(286,1,'admin/products/create','GET','127.0.0.1','{\"_pjax\":\"#pjax-container\"}','2018-05-19 08:06:30','2018-05-19 08:06:30'),(287,1,'admin/products/create','GET','127.0.0.1','[]','2018-05-19 08:07:01','2018-05-19 08:07:01'),(288,1,'admin/products/create','GET','127.0.0.1','[]','2018-05-19 08:07:56','2018-05-19 08:07:56'),(289,1,'admin/products','POST','127.0.0.1','{\"name\":\"Blazer\",\"has_lining\":\"on\",\"_token\":\"obXcL85rKwcN43mxzk7j3K602ZMaasMIX55WPkTs\"}','2018-05-19 08:08:51','2018-05-19 08:08:51'),(290,1,'admin/products','GET','127.0.0.1','[]','2018-05-19 08:08:51','2018-05-19 08:08:51'),(291,1,'admin/products/create','GET','127.0.0.1','{\"_pjax\":\"#pjax-container\"}','2018-05-19 08:08:53','2018-05-19 08:08:53'),(292,1,'admin/products','POST','127.0.0.1','{\"name\":\"PANT\",\"has_lining\":\"off\",\"_token\":\"obXcL85rKwcN43mxzk7j3K602ZMaasMIX55WPkTs\",\"_previous_\":\"http:\\/\\/handsyork.local\\/admin\\/products\"}','2018-05-19 08:09:35','2018-05-19 08:09:35'),(293,1,'admin/products','GET','127.0.0.1','[]','2018-05-19 08:09:35','2018-05-19 08:09:35'),(294,1,'admin/products/create','GET','127.0.0.1','{\"_pjax\":\"#pjax-container\"}','2018-05-19 08:09:37','2018-05-19 08:09:37'),(295,1,'admin/products','POST','127.0.0.1','{\"name\":\"Shirt\",\"has_lining\":\"off\",\"_token\":\"obXcL85rKwcN43mxzk7j3K602ZMaasMIX55WPkTs\",\"_previous_\":\"http:\\/\\/handsyork.local\\/admin\\/products\"}','2018-05-19 08:09:44','2018-05-19 08:09:44'),(296,1,'admin/products','GET','127.0.0.1','[]','2018-05-19 08:09:44','2018-05-19 08:09:44'),(297,1,'admin/products','GET','127.0.0.1','[]','2018-05-19 08:10:12','2018-05-19 08:10:12'),(298,1,'admin/products','GET','127.0.0.1','[]','2018-05-19 08:10:34','2018-05-19 08:10:34'),(299,1,'admin/products','GET','127.0.0.1','[]','2018-05-19 08:11:52','2018-05-19 08:11:52'),(300,1,'admin/products/2','PUT','127.0.0.1','{\"has_lining\":\"on\",\"_token\":\"obXcL85rKwcN43mxzk7j3K602ZMaasMIX55WPkTs\",\"_method\":\"PUT\"}','2018-05-19 08:11:56','2018-05-19 08:11:56'),(301,1,'admin/products','GET','127.0.0.1','[]','2018-05-19 08:12:05','2018-05-19 08:12:05'),(302,1,'admin/products/2/edit','GET','127.0.0.1','{\"_pjax\":\"#pjax-container\"}','2018-05-19 08:12:07','2018-05-19 08:12:07'),(303,1,'admin/products','GET','127.0.0.1','{\"_pjax\":\"#pjax-container\"}','2018-05-19 08:12:11','2018-05-19 08:12:11'),(304,1,'admin/products/2','PUT','127.0.0.1','{\"has_lining\":\"off\",\"_token\":\"obXcL85rKwcN43mxzk7j3K602ZMaasMIX55WPkTs\",\"_method\":\"PUT\"}','2018-05-19 08:12:14','2018-05-19 08:12:14'),(305,1,'admin/products/2/edit','GET','127.0.0.1','{\"_pjax\":\"#pjax-container\"}','2018-05-19 08:12:39','2018-05-19 08:12:39'),(306,1,'admin/products/2','PUT','127.0.0.1','{\"name\":\"PANT\",\"has_lining\":\"on\",\"_token\":\"obXcL85rKwcN43mxzk7j3K602ZMaasMIX55WPkTs\",\"_method\":\"PUT\",\"_previous_\":\"http:\\/\\/handsyork.local\\/admin\\/products\"}','2018-05-19 08:12:42','2018-05-19 08:12:42'),(307,1,'admin/products','GET','127.0.0.1','[]','2018-05-19 08:12:42','2018-05-19 08:12:42'),(308,1,'admin/products/2/edit','GET','127.0.0.1','{\"_pjax\":\"#pjax-container\"}','2018-05-19 08:12:44','2018-05-19 08:12:44'),(309,1,'admin/products','GET','127.0.0.1','{\"_pjax\":\"#pjax-container\"}','2018-05-19 08:12:48','2018-05-19 08:12:48'),(310,1,'admin/products','GET','127.0.0.1','{\"_pjax\":\"#pjax-container\"}','2018-05-19 08:12:54','2018-05-19 08:12:54'),(311,1,'admin/products','GET','127.0.0.1','{\"_pjax\":\"#pjax-container\"}','2018-05-19 08:12:54','2018-05-19 08:12:54'),(312,1,'admin/products/create','GET','127.0.0.1','{\"_pjax\":\"#pjax-container\"}','2018-05-19 08:13:07','2018-05-19 08:13:07'),(313,1,'admin/products','GET','127.0.0.1','{\"_pjax\":\"#pjax-container\"}','2018-05-19 08:13:09','2018-05-19 08:13:09'),(314,1,'admin/auth/setting','GET','127.0.0.1','{\"_pjax\":\"#pjax-container\"}','2018-05-19 08:13:18','2018-05-19 08:13:18'),(315,1,'admin/products','GET','127.0.0.1','{\"_pjax\":\"#pjax-container\"}','2018-05-19 08:13:28','2018-05-19 08:13:28'),(316,1,'admin/fabric','GET','127.0.0.1','[]','2018-05-19 08:13:55','2018-05-19 08:13:55'),(317,1,'admin/fabric/2/edit','GET','127.0.0.1','{\"_pjax\":\"#pjax-container\"}','2018-05-19 08:13:58','2018-05-19 08:13:58'),(318,1,'admin/fabric/2/edit','GET','127.0.0.1','[]','2018-05-19 08:22:18','2018-05-19 08:22:18'),(319,1,'admin/fabric/2','PUT','127.0.0.1','{\"products\":[\"1\",null],\"composition_id\":\"1\",\"color_id\":\"4\",\"pattern_id\":\"2\",\"category_id\":\"3\",\"images\":{\"1\":{\"caption\":\"2345\",\"id\":\"1\",\"_remove_\":\"0\"},\"2\":{\"caption\":\"123\",\"id\":\"2\",\"_remove_\":\"0\"},\"3\":{\"caption\":\"345354\",\"id\":\"3\",\"_remove_\":\"0\"}},\"_token\":\"obXcL85rKwcN43mxzk7j3K602ZMaasMIX55WPkTs\",\"_method\":\"PUT\",\"_previous_\":\"http:\\/\\/handsyork.local\\/admin\\/fabric\"}','2018-05-19 08:26:06','2018-05-19 08:26:06'),(320,1,'admin/fabric','GET','127.0.0.1','[]','2018-05-19 08:26:06','2018-05-19 08:26:06'),(321,1,'admin/fabric','GET','127.0.0.1','[]','2018-05-19 08:30:19','2018-05-19 08:30:19'),(322,1,'admin/fabric','GET','127.0.0.1','[]','2018-05-19 08:30:50','2018-05-19 08:30:50'),(323,1,'admin/fabric','GET','127.0.0.1','[]','2018-05-19 08:31:23','2018-05-19 08:31:23'),(324,1,'admin/fabric','GET','127.0.0.1','[]','2018-05-19 08:31:41','2018-05-19 08:31:41'),(325,1,'admin/fabric','GET','127.0.0.1','[]','2018-05-19 08:32:16','2018-05-19 08:32:16'),(326,1,'admin/fabric','GET','127.0.0.1','[]','2018-05-19 08:32:50','2018-05-19 08:32:50'),(327,1,'admin/fabric','GET','127.0.0.1','[]','2018-05-19 08:33:47','2018-05-19 08:33:47'),(328,1,'admin/fabric','GET','127.0.0.1','[]','2018-05-19 08:35:33','2018-05-19 08:35:33'),(329,1,'admin/fabric','GET','127.0.0.1','[]','2018-05-19 08:36:13','2018-05-19 08:36:13'),(330,1,'admin/fabric','GET','127.0.0.1','[]','2018-05-19 08:37:04','2018-05-19 08:37:04'),(331,1,'admin/fabric','GET','127.0.0.1','[]','2018-05-19 08:37:15','2018-05-19 08:37:15'),(332,1,'admin/fabric','GET','127.0.0.1','[]','2018-05-19 08:42:33','2018-05-19 08:42:33'),(333,1,'admin/fabric','GET','127.0.0.1','{\"_pjax\":\"#pjax-container\"}','2018-05-19 08:42:47','2018-05-19 08:42:47'),(334,1,'admin/fabric','GET','127.0.0.1','[]','2018-05-19 08:46:21','2018-05-19 08:46:21'),(335,1,'admin/fabric','GET','127.0.0.1','{\"id\":null,\"composition_id\":\"1\",\"_pjax\":\"#pjax-container\"}','2018-05-19 08:46:39','2018-05-19 08:46:39'),(336,1,'admin/fabric','GET','127.0.0.1','{\"id\":null,\"composition_id\":\"1\"}','2018-05-19 08:47:58','2018-05-19 08:47:58'),(337,1,'admin/fabric','GET','127.0.0.1','{\"id\":null,\"composition_id\":\"1\",\"color_id\":null,\"pattern_id\":null,\"category_id\":\"3\",\"_pjax\":\"#pjax-container\"}','2018-05-19 08:48:09','2018-05-19 08:48:09'),(338,1,'admin/fabric_filter','GET','127.0.0.1','[]','2018-05-19 08:48:24','2018-05-19 08:48:24'),(339,1,'admin/fabric_filter/create','GET','127.0.0.1','{\"_pjax\":\"#pjax-container\"}','2018-05-19 08:48:27','2018-05-19 08:48:27'),(340,1,'admin/fabric_filter','POST','127.0.0.1','{\"title\":\"White\",\"type\":\"color\",\"_token\":\"obXcL85rKwcN43mxzk7j3K602ZMaasMIX55WPkTs\",\"_previous_\":\"http:\\/\\/handsyork.local\\/admin\\/fabric_filter\"}','2018-05-19 08:48:35','2018-05-19 08:48:35'),(341,1,'admin/fabric_filter/create','GET','127.0.0.1','[]','2018-05-19 08:48:35','2018-05-19 08:48:35'),(342,1,'admin/fabric','GET','127.0.0.1','[]','2018-05-19 08:48:39','2018-05-19 08:48:39'),(343,1,'admin/fabric','GET','127.0.0.1','{\"id\":null,\"composition_id\":null,\"color_id\":\"5\",\"pattern_id\":null,\"category_id\":null,\"_pjax\":\"#pjax-container\"}','2018-05-19 08:48:48','2018-05-19 08:48:48'),(344,1,'admin/fabric','GET','127.0.0.1','{\"id\":null,\"composition_id\":null,\"color_id\":\"5\",\"pattern_id\":null,\"category_id\":null}','2018-05-19 08:49:59','2018-05-19 08:49:59'),(345,1,'admin/fabric','GET','127.0.0.1','{\"id\":null,\"composition_id\":null,\"color_id\":\"4\",\"pattern_id\":null,\"category_id\":null,\"_pjax\":\"#pjax-container\"}','2018-05-19 08:50:08','2018-05-19 08:50:08'),(346,1,'admin/fabric','GET','127.0.0.1','{\"id\":null,\"composition_id\":null,\"color_id\":\"4\",\"pattern_id\":null,\"category_id\":null}','2018-05-19 08:52:53','2018-05-19 08:52:53'),(347,1,'admin/fabric','GET','127.0.0.1','{\"id\":null,\"composition_id\":null,\"color_id\":\"4\",\"pattern_id\":null,\"category_id\":null}','2018-05-19 08:53:28','2018-05-19 08:53:28'),(348,1,'admin/fabric','GET','127.0.0.1','{\"id\":null,\"products\":[\"2\"],\"composition_id\":null,\"color_id\":\"4\",\"pattern_id\":null,\"category_id\":null,\"_pjax\":\"#pjax-container\"}','2018-05-19 08:53:37','2018-05-19 08:53:37'),(349,1,'admin/fabric','GET','127.0.0.1','{\"id\":null,\"products\":[\"2\"],\"composition_id\":null,\"color_id\":\"4\",\"pattern_id\":null,\"category_id\":null}','2018-05-19 09:00:41','2018-05-19 09:00:41'),(350,1,'admin/fabric','GET','127.0.0.1','{\"id\":null,\"products\":[\"2\"],\"composition_id\":null,\"color_id\":\"4\",\"pattern_id\":null,\"category_id\":null,\"_pjax\":\"#pjax-container\"}','2018-05-19 09:00:47','2018-05-19 09:00:47'),(351,1,'admin/fabric','GET','127.0.0.1','{\"products\":[\"2\"],\"_pjax\":\"#pjax-container\"}','2018-05-19 09:00:49','2018-05-19 09:00:49'),(352,1,'admin/fabric','GET','127.0.0.1','{\"products\":[\"2\"],\"_pjax\":\"#pjax-container\"}','2018-05-19 09:00:52','2018-05-19 09:00:52'),(353,1,'admin/fabric','GET','127.0.0.1','{\"products\":[\"2\"],\"_pjax\":\"#pjax-container\"}','2018-05-19 09:00:52','2018-05-19 09:00:52'),(354,1,'admin/fabric','GET','127.0.0.1','[]','2018-05-19 09:00:58','2018-05-19 09:00:58'),(355,1,'admin/fabric/2/edit','GET','127.0.0.1','{\"_pjax\":\"#pjax-container\"}','2018-05-19 09:01:23','2018-05-19 09:01:23'),(356,1,'admin/fabric/2/edit','GET','127.0.0.1','[]','2018-05-19 09:05:21','2018-05-19 09:05:21'),(357,1,'admin/fabric/2/edit','GET','127.0.0.1','[]','2018-05-19 09:06:05','2018-05-19 09:06:05'),(358,1,'admin/fabric/2/edit','GET','127.0.0.1','[]','2018-05-19 09:07:06','2018-05-19 09:07:06'),(359,1,'admin/fabric/2/edit','GET','127.0.0.1','[]','2018-05-19 09:07:27','2018-05-19 09:07:27'),(360,1,'admin/fabric/2/edit','GET','127.0.0.1','[]','2018-05-19 09:08:51','2018-05-19 09:08:51'),(361,1,'admin','GET','127.0.0.1','[]','2018-05-19 21:25:42','2018-05-19 21:25:42'),(362,1,'admin/fabric','GET','127.0.0.1','[]','2018-05-19 21:36:00','2018-05-19 21:36:00'),(363,1,'admin/fabric','GET','127.0.0.1','{\"id\":null,\"composition_id\":null,\"color_id\":null,\"pattern_id\":null,\"category_id\":null,\"_pjax\":\"#pjax-container\"}','2018-05-19 21:36:13','2018-05-19 21:36:13'),(364,1,'admin/fabric/create','GET','127.0.0.1','{\"_pjax\":\"#pjax-container\"}','2018-05-19 21:36:16','2018-05-19 21:36:16'),(365,1,'admin/fabric/create','GET','127.0.0.1','[]','2018-05-19 21:38:29','2018-05-19 21:38:29'),(366,1,'admin/fabric/create','GET','127.0.0.1','[]','2018-05-19 21:38:43','2018-05-19 21:38:43'),(367,1,'admin/fabric/create','GET','127.0.0.1','[]','2018-05-19 21:40:54','2018-05-19 21:40:54'),(368,1,'admin/fabric','POST','127.0.0.1','{\"products\":[null],\"composition_id\":null,\"color_id\":null,\"pattern_id\":null,\"category_id\":null,\"_token\":\"RLTBKD7nCVfYU7pD8go9Tp94rV9JMQcA2e9VgTt3\"}','2018-05-19 21:40:57','2018-05-19 21:40:57'),(369,1,'admin/fabric/create','GET','127.0.0.1','[]','2018-05-19 21:40:57','2018-05-19 21:40:57'),(370,1,'admin/fabric/create','GET','127.0.0.1','[]','2018-05-19 21:41:55','2018-05-19 21:41:55'),(371,1,'admin/fabric/create','GET','127.0.0.1','[]','2018-05-19 21:42:05','2018-05-19 21:42:05'),(372,1,'admin/fabric/create','GET','127.0.0.1','[]','2018-05-19 21:42:20','2018-05-19 21:42:20'),(373,1,'admin/fabric/create','GET','127.0.0.1','{\"_pjax\":\"#pjax-container\"}','2018-05-19 21:42:23','2018-05-19 21:42:23'),(374,1,'admin/fabric','GET','127.0.0.1','{\"_pjax\":\"#pjax-container\"}','2018-05-19 21:42:25','2018-05-19 21:42:25'),(375,1,'admin/fabric/2/edit','GET','127.0.0.1','{\"_pjax\":\"#pjax-container\"}','2018-05-19 21:42:27','2018-05-19 21:42:27'),(376,1,'admin/fabric','GET','127.0.0.1','{\"_pjax\":\"#pjax-container\"}','2018-05-19 21:42:33','2018-05-19 21:42:33'),(377,1,'admin/linings','GET','127.0.0.1','[]','2018-05-19 21:49:40','2018-05-19 21:49:40'),(378,1,'admin/linings','GET','127.0.0.1','[]','2018-05-19 21:50:01','2018-05-19 21:50:01'),(379,1,'admin/linings/create','GET','127.0.0.1','{\"_pjax\":\"#pjax-container\"}','2018-05-19 21:50:03','2018-05-19 21:50:03'),(380,1,'admin/linings/create','GET','127.0.0.1','[]','2018-05-19 21:51:05','2018-05-19 21:51:05'),(381,1,'admin/linings/create','GET','127.0.0.1','[]','2018-05-19 21:51:37','2018-05-19 21:51:37'),(382,1,'admin/linings/create','GET','127.0.0.1','[]','2018-05-19 21:51:48','2018-05-19 21:51:48'),(383,1,'admin/linings/create','GET','127.0.0.1','[]','2018-05-19 21:57:57','2018-05-19 21:57:57'),(384,1,'admin/linings/create','GET','127.0.0.1','[]','2018-05-19 21:58:14','2018-05-19 21:58:14'),(385,1,'admin/linings/create','GET','127.0.0.1','[]','2018-05-19 21:58:54','2018-05-19 21:58:54'),(386,1,'admin/linings','GET','127.0.0.1','{\"_pjax\":\"#pjax-container\"}','2018-05-19 22:02:37','2018-05-19 22:02:37'),(387,1,'admin/linings','GET','127.0.0.1','[]','2018-05-19 22:02:54','2018-05-19 22:02:54'),(388,1,'admin/linings/create','GET','127.0.0.1','{\"_pjax\":\"#pjax-container\"}','2018-05-19 22:02:57','2018-05-19 22:02:57'),(389,1,'admin/linings','POST','127.0.0.1','{\"products\":[\"1\",null],\"images\":{\"new_1\":{\"caption\":\"123123\",\"id\":null,\"_remove_\":\"0\"},\"new_2\":{\"caption\":\"2345\",\"id\":null,\"_remove_\":\"0\"}},\"_token\":\"RLTBKD7nCVfYU7pD8go9Tp94rV9JMQcA2e9VgTt3\",\"_previous_\":\"http:\\/\\/handsyork.local\\/admin\\/linings\"}','2018-05-19 22:03:51','2018-05-19 22:03:51'),(390,1,'admin/linings/create','GET','127.0.0.1','[]','2018-05-19 22:03:52','2018-05-19 22:03:52'),(391,1,'admin/linings/create','GET','127.0.0.1','[]','2018-05-19 22:09:40','2018-05-19 22:09:40'),(392,1,'admin/linings','POST','127.0.0.1','{\"products\":[\"2\",null],\"images\":{\"new_1\":{\"caption\":\"2345\",\"id\":null,\"_remove_\":\"0\"},\"new_2\":{\"caption\":\"1234\",\"id\":null,\"_remove_\":\"0\"}},\"_token\":\"RLTBKD7nCVfYU7pD8go9Tp94rV9JMQcA2e9VgTt3\",\"_previous_\":\"http:\\/\\/handsyork.local\\/admin\\/linings\"}','2018-05-19 22:10:05','2018-05-19 22:10:05'),(393,1,'admin/linings','GET','127.0.0.1','[]','2018-05-19 22:10:05','2018-05-19 22:10:05'),(394,1,'admin/linings','GET','127.0.0.1','[]','2018-05-19 22:10:22','2018-05-19 22:10:22'),(395,1,'admin/linings','GET','127.0.0.1','{\"_pjax\":\"#pjax-container\"}','2018-05-19 22:10:22','2018-05-19 22:10:22'),(396,1,'admin/linings','GET','127.0.0.1','[]','2018-05-19 22:10:24','2018-05-19 22:10:24'),(397,1,'admin/linings','GET','127.0.0.1','[]','2018-05-19 22:10:24','2018-05-19 22:10:24'),(398,1,'admin/linings','GET','127.0.0.1','{\"_pjax\":\"#pjax-container\"}','2018-05-19 22:10:24','2018-05-19 22:10:24'),(399,1,'admin/linings','GET','127.0.0.1','{\"_pjax\":\"#pjax-container\"}','2018-05-19 22:10:24','2018-05-19 22:10:24'),(400,1,'admin/linings/2/edit','GET','127.0.0.1','{\"_pjax\":\"#pjax-container\"}','2018-05-19 22:11:28','2018-05-19 22:11:28'),(401,1,'admin/linings/2','PUT','127.0.0.1','{\"products\":[\"2\",null],\"images\":{\"4\":{\"caption\":\"2345\",\"id\":\"4\",\"_remove_\":\"0\"},\"5\":{\"caption\":\"1234\",\"id\":\"5\",\"_remove_\":\"1\"}},\"_token\":\"RLTBKD7nCVfYU7pD8go9Tp94rV9JMQcA2e9VgTt3\",\"_method\":\"PUT\",\"_previous_\":\"http:\\/\\/handsyork.local\\/admin\\/linings\"}','2018-05-19 22:13:56','2018-05-19 22:13:56'),(402,1,'admin/linings','GET','127.0.0.1','[]','2018-05-19 22:13:56','2018-05-19 22:13:56'),(403,1,'admin/styles','GET','127.0.0.1','[]','2018-05-19 22:28:02','2018-05-19 22:28:02'),(404,1,'admin/styles/create','GET','127.0.0.1','{\"_pjax\":\"#pjax-container\"}','2018-05-19 22:28:15','2018-05-19 22:28:15'),(405,1,'admin/styles/create','GET','127.0.0.1','[]','2018-05-19 22:29:56','2018-05-19 22:29:56'),(406,1,'admin/styles/create','GET','127.0.0.1','[]','2018-05-19 22:30:09','2018-05-19 22:30:09'),(407,1,'admin/styles','POST','127.0.0.1','{\"products\":[null],\"name\":null,\"_token\":\"RLTBKD7nCVfYU7pD8go9Tp94rV9JMQcA2e9VgTt3\"}','2018-05-19 22:30:13','2018-05-19 22:30:13'),(408,1,'admin/styles/create','GET','127.0.0.1','[]','2018-05-19 22:30:13','2018-05-19 22:30:13'),(409,1,'admin/styles','POST','127.0.0.1','{\"products\":[\"1\",null],\"name\":\"Canvas\",\"images\":{\"new_1\":{\"caption\":\"Fusced Canvas\",\"id\":null,\"_remove_\":\"0\"}},\"_token\":\"RLTBKD7nCVfYU7pD8go9Tp94rV9JMQcA2e9VgTt3\"}','2018-05-19 22:32:49','2018-05-19 22:32:49'),(410,1,'admin/styles','GET','127.0.0.1','[]','2018-05-19 22:32:49','2018-05-19 22:32:49'),(411,1,'admin/styles','GET','127.0.0.1','[]','2018-05-19 22:33:44','2018-05-19 22:33:44'),(412,1,'admin/styles','GET','127.0.0.1','[]','2018-05-19 22:35:05','2018-05-19 22:35:05'),(413,1,'admin/styles','GET','127.0.0.1','{\"id\":null,\"name\":\"Can\",\"_pjax\":\"#pjax-container\"}','2018-05-19 22:35:10','2018-05-19 22:35:10'),(414,1,'admin/styles','GET','127.0.0.1','{\"_pjax\":\"#pjax-container\",\"id\":null,\"name\":\"ba\"}','2018-05-19 22:35:17','2018-05-19 22:35:17'),(415,1,'admin/styles','GET','127.0.0.1','{\"_pjax\":\"#pjax-container\",\"name\":\"ba\",\"_sort\":{\"column\":\"id\",\"type\":\"desc\"}}','2018-05-19 22:35:27','2018-05-19 22:35:27'),(416,1,'admin/styles','GET','127.0.0.1','[]','2018-05-19 22:35:32','2018-05-19 22:35:32'),(417,1,'admin/styles','GET','127.0.0.1','[]','2018-05-19 22:35:45','2018-05-19 22:35:45'),(418,1,'admin/styles','GET','127.0.0.1','{\"_sort\":{\"column\":\"name\",\"type\":\"desc\"},\"_pjax\":\"#pjax-container\"}','2018-05-19 22:35:48','2018-05-19 22:35:48'),(419,1,'admin/styles','GET','127.0.0.1','{\"_sort\":{\"column\":\"name\",\"type\":\"asc\"},\"_pjax\":\"#pjax-container\"}','2018-05-19 22:35:49','2018-05-19 22:35:49'),(420,1,'admin/styles','GET','127.0.0.1','{\"_sort\":{\"column\":\"id\",\"type\":\"desc\"},\"_pjax\":\"#pjax-container\"}','2018-05-19 22:35:51','2018-05-19 22:35:51'),(421,1,'admin/auth/menu','GET','127.0.0.1','{\"_pjax\":\"#pjax-container\"}','2018-05-19 22:43:07','2018-05-19 22:43:07'),(422,1,'admin/auth/roles','GET','127.0.0.1','[]','2018-05-19 22:44:00','2018-05-19 22:44:00'),(423,1,'admin/auth/roles/create','GET','127.0.0.1','{\"_pjax\":\"#pjax-container\"}','2018-05-19 22:44:04','2018-05-19 22:44:04'),(424,1,'admin/auth/roles','POST','127.0.0.1','{\"slug\":null,\"name\":\"Admin\",\"permissions\":[null],\"_token\":\"RLTBKD7nCVfYU7pD8go9Tp94rV9JMQcA2e9VgTt3\",\"_previous_\":\"http:\\/\\/handsyork.local\\/admin\\/auth\\/roles\"}','2018-05-19 22:44:33','2018-05-19 22:44:33'),(425,1,'admin/auth/roles/create','GET','127.0.0.1','[]','2018-05-19 22:44:33','2018-05-19 22:44:33'),(426,1,'admin/auth/roles','POST','127.0.0.1','{\"slug\":\"admin\",\"name\":\"Admin\",\"permissions\":[null],\"_token\":\"RLTBKD7nCVfYU7pD8go9Tp94rV9JMQcA2e9VgTt3\"}','2018-05-19 22:44:41','2018-05-19 22:44:41'),(427,1,'admin/auth/roles','GET','127.0.0.1','[]','2018-05-19 22:44:41','2018-05-19 22:44:41'),(428,1,'admin/auth/users','GET','127.0.0.1','{\"_pjax\":\"#pjax-container\"}','2018-05-19 22:44:47','2018-05-19 22:44:47'),(429,1,'admin/auth/users/1/edit','GET','127.0.0.1','{\"_pjax\":\"#pjax-container\"}','2018-05-19 22:44:51','2018-05-19 22:44:51'),(430,1,'admin/auth/users','GET','127.0.0.1','{\"_pjax\":\"#pjax-container\"}','2018-05-19 22:45:00','2018-05-19 22:45:00'),(431,1,'admin/auth/menu','GET','127.0.0.1','{\"_pjax\":\"#pjax-container\"}','2018-05-19 22:45:09','2018-05-19 22:45:09'),(432,1,'admin/auth/menu','POST','127.0.0.1','{\"parent_id\":\"8\",\"title\":\"Products\",\"icon\":\"fa-product-hunt\",\"uri\":\"products\",\"roles\":[\"1\",\"2\",null],\"_token\":\"RLTBKD7nCVfYU7pD8go9Tp94rV9JMQcA2e9VgTt3\"}','2018-05-19 22:45:42','2018-05-19 22:45:42'),(433,1,'admin/auth/menu','GET','127.0.0.1','[]','2018-05-19 22:45:42','2018-05-19 22:45:42'),(434,1,'admin/auth/logout','GET','127.0.0.1','{\"_pjax\":\"#pjax-container\"}','2018-05-19 22:45:52','2018-05-19 22:45:52'),(435,1,'admin','GET','127.0.0.1','[]','2018-05-19 22:45:57','2018-05-19 22:45:57'),(436,1,'admin/products','GET','127.0.0.1','{\"_pjax\":\"#pjax-container\"}','2018-05-19 22:46:02','2018-05-19 22:46:02'),(437,1,'admin/auth/menu','GET','127.0.0.1','{\"_pjax\":\"#pjax-container\"}','2018-05-19 22:46:07','2018-05-19 22:46:07'),(438,1,'admin/auth/menu','POST','127.0.0.1','{\"parent_id\":\"8\",\"title\":\"Fabrics\",\"icon\":\"fa-bars\",\"uri\":\"fabrics\",\"roles\":[\"1\",\"2\",null],\"_token\":\"5qm1smMOAJym8d0jKbNXuTltq4tjHSlwkS0hW1ib\"}','2018-05-19 22:46:45','2018-05-19 22:46:45'),(439,1,'admin/auth/menu','GET','127.0.0.1','[]','2018-05-19 22:46:45','2018-05-19 22:46:45'),(440,1,'admin/fabric','GET','127.0.0.1','[]','2018-05-19 22:47:42','2018-05-19 22:47:42'),(441,1,'admin/auth/menu','POST','127.0.0.1','{\"parent_id\":\"12\",\"title\":\"Fabric Filters\",\"icon\":\"fa-bars\",\"uri\":\"fabric_filter\",\"roles\":[\"1\",\"2\",null],\"_token\":\"5qm1smMOAJym8d0jKbNXuTltq4tjHSlwkS0hW1ib\"}','2018-05-19 22:47:53','2018-05-19 22:47:53'),(442,1,'admin/auth/menu','GET','127.0.0.1','[]','2018-05-19 22:47:53','2018-05-19 22:47:53'),(443,1,'admin/auth/menu','POST','127.0.0.1','{\"parent_id\":\"8\",\"title\":\"Lining Fabrics\",\"icon\":\"fa-bars\",\"uri\":\"linings\",\"roles\":[\"1\",\"2\",null],\"_token\":\"5qm1smMOAJym8d0jKbNXuTltq4tjHSlwkS0hW1ib\"}','2018-05-19 22:51:46','2018-05-19 22:51:46'),(444,1,'admin/auth/menu','GET','127.0.0.1','[]','2018-05-19 22:51:46','2018-05-19 22:51:46'),(445,1,'admin/auth/menu/12/edit','GET','127.0.0.1','{\"_pjax\":\"#pjax-container\"}','2018-05-19 22:51:53','2018-05-19 22:51:53'),(446,1,'admin/auth/menu','GET','127.0.0.1','{\"_pjax\":\"#pjax-container\"}','2018-05-19 22:52:00','2018-05-19 22:52:00'),(447,1,'admin/auth/menu','POST','127.0.0.1','{\"parent_id\":\"8\",\"title\":\"Styles\",\"icon\":\"fa-bars\",\"uri\":\"styles\",\"roles\":[\"1\",\"2\",null],\"_token\":\"5qm1smMOAJym8d0jKbNXuTltq4tjHSlwkS0hW1ib\"}','2018-05-19 22:52:33','2018-05-19 22:52:33'),(448,1,'admin/auth/menu','GET','127.0.0.1','[]','2018-05-19 22:52:33','2018-05-19 22:52:33'),(449,1,'admin/auth/logout','GET','127.0.0.1','{\"_pjax\":\"#pjax-container\"}','2018-05-19 22:52:39','2018-05-19 22:52:39'),(450,1,'admin','GET','127.0.0.1','[]','2018-05-19 22:52:44','2018-05-19 22:52:44'),(451,1,'admin/fabric_filter','GET','127.0.0.1','{\"_pjax\":\"#pjax-container\"}','2018-05-19 22:53:09','2018-05-19 22:53:09'),(452,1,'admin/linings','GET','127.0.0.1','{\"_pjax\":\"#pjax-container\"}','2018-05-19 22:53:19','2018-05-19 22:53:19'),(453,1,'admin/auth/menu','GET','127.0.0.1','{\"_pjax\":\"#pjax-container\"}','2018-05-19 22:53:25','2018-05-19 22:53:25'),(454,1,'admin/auth/menu/13/edit','GET','127.0.0.1','{\"_pjax\":\"#pjax-container\"}','2018-05-19 22:53:29','2018-05-19 22:53:29'),(455,1,'admin/auth/menu/13','PUT','127.0.0.1','{\"parent_id\":\"8\",\"title\":\"Fabric Filters\",\"icon\":\"fa-bars\",\"uri\":\"fabric_filter\",\"roles\":[\"1\",\"2\",null],\"_token\":\"rsKKTaWrcN0ETAaw0xFitcF1SqJfSOeEa8giTwVR\",\"_method\":\"PUT\",\"_previous_\":\"http:\\/\\/handsyork.local\\/admin\\/auth\\/menu\"}','2018-05-19 22:53:37','2018-05-19 22:53:37'),(456,1,'admin/auth/menu','GET','127.0.0.1','[]','2018-05-19 22:53:37','2018-05-19 22:53:37'),(457,1,'admin/auth/menu','POST','127.0.0.1','{\"_token\":\"rsKKTaWrcN0ETAaw0xFitcF1SqJfSOeEa8giTwVR\",\"_order\":\"[{\\\"id\\\":1},{\\\"id\\\":2,\\\"children\\\":[{\\\"id\\\":3},{\\\"id\\\":4},{\\\"id\\\":5},{\\\"id\\\":6},{\\\"id\\\":7}]},{\\\"id\\\":8,\\\"children\\\":[{\\\"id\\\":11},{\\\"id\\\":12},{\\\"id\\\":13},{\\\"id\\\":14},{\\\"id\\\":15},{\\\"id\\\":10},{\\\"id\\\":9}]}]\"}','2018-05-19 22:54:21','2018-05-19 22:54:21'),(458,1,'admin/auth/menu','GET','127.0.0.1','{\"_pjax\":\"#pjax-container\"}','2018-05-19 22:54:21','2018-05-19 22:54:21'),(459,1,'admin','GET','127.0.0.1','{\"_pjax\":\"#pjax-container\"}','2018-05-19 22:54:28','2018-05-19 22:54:28'),(460,1,'admin/auth/logout','GET','127.0.0.1','{\"_pjax\":\"#pjax-container\"}','2018-05-19 22:54:34','2018-05-19 22:54:34'),(461,1,'admin','GET','127.0.0.1','[]','2018-05-19 22:54:39','2018-05-19 22:54:39'),(462,1,'admin/products','GET','127.0.0.1','{\"_pjax\":\"#pjax-container\"}','2018-05-19 22:54:43','2018-05-19 22:54:43'),(463,1,'admin/products','GET','127.0.0.1','[]','2018-05-19 22:54:53','2018-05-19 22:54:53'),(464,1,'admin/fabric_filter','GET','127.0.0.1','{\"_pjax\":\"#pjax-container\"}','2018-05-19 22:54:58','2018-05-19 22:54:58'),(465,1,'admin/fabrics','GET','127.0.0.1','{\"_pjax\":\"#pjax-container\"}','2018-05-19 22:55:10','2018-05-19 22:55:10'),(466,1,'admin/fabric_filter','GET','127.0.0.1','{\"_pjax\":\"#pjax-container\"}','2018-05-19 22:55:17','2018-05-19 22:55:17'),(467,1,'admin/linings','GET','127.0.0.1','{\"_pjax\":\"#pjax-container\"}','2018-05-19 22:55:20','2018-05-19 22:55:20'),(468,1,'admin/styles','GET','127.0.0.1','{\"_pjax\":\"#pjax-container\"}','2018-05-19 22:55:24','2018-05-19 22:55:24'),(469,1,'admin/attribute_sets','GET','127.0.0.1','{\"_pjax\":\"#pjax-container\"}','2018-05-19 22:55:29','2018-05-19 22:55:29'),(470,1,'admin/attributes','GET','127.0.0.1','{\"_pjax\":\"#pjax-container\"}','2018-05-19 22:55:30','2018-05-19 22:55:30'),(471,1,'admin/attribute_sets','GET','127.0.0.1','{\"_pjax\":\"#pjax-container\"}','2018-05-19 22:55:33','2018-05-19 22:55:33'),(472,1,'admin/auth/users','GET','127.0.0.1','{\"_pjax\":\"#pjax-container\"}','2018-05-19 22:55:45','2018-05-19 22:55:45'),(473,1,'admin/auth/users/create','GET','127.0.0.1','{\"_pjax\":\"#pjax-container\"}','2018-05-19 22:55:47','2018-05-19 22:55:47'),(474,1,'admin/auth/users','POST','127.0.0.1','{\"username\":\"handsyork\",\"name\":\"Hands York\",\"password\":\"admin123\",\"password_confirmation\":\"admin123\",\"roles\":[\"2\",null],\"permissions\":[null],\"_token\":\"fqmUXU5xzwdSvSgCdkKE40sCV8nlMPwtru2YfktX\",\"_previous_\":\"http:\\/\\/handsyork.local\\/admin\\/auth\\/users\"}','2018-05-19 22:56:23','2018-05-19 22:56:23'),(475,1,'admin/auth/users','GET','127.0.0.1','[]','2018-05-19 22:56:23','2018-05-19 22:56:23'),(476,1,'admin/auth/logout','GET','127.0.0.1','{\"_pjax\":\"#pjax-container\"}','2018-05-19 22:56:29','2018-05-19 22:56:29'),(477,2,'admin','GET','127.0.0.1','[]','2018-05-19 22:56:42','2018-05-19 22:56:42'),(478,2,'admin/auth/logout','GET','127.0.0.1','{\"_pjax\":\"#pjax-container\"}','2018-05-19 22:56:59','2018-05-19 22:56:59'),(479,2,'admin/auth/logout','GET','127.0.0.1','{\"_pjax\":\"#pjax-container\"}','2018-05-19 22:57:43','2018-05-19 22:57:43'),(480,2,'admin/auth/logout','GET','127.0.0.1','{\"_pjax\":\"#pjax-container\"}','2018-05-19 22:57:51','2018-05-19 22:57:51'),(481,2,'admin','GET','127.0.0.1','[]','2018-05-19 22:57:56','2018-05-19 22:57:56'),(482,2,'admin/fabrics','GET','127.0.0.1','[]','2018-05-19 22:58:04','2018-05-19 22:58:04'),(483,2,'admin/products','GET','127.0.0.1','[]','2018-05-19 22:58:09','2018-05-19 22:58:09'),(484,2,'admin','GET','127.0.0.1','{\"_pjax\":\"#pjax-container\"}','2018-05-19 22:58:15','2018-05-19 22:58:15'),(485,2,'admin','GET','127.0.0.1','[]','2018-05-19 23:11:04','2018-05-19 23:11:04'),(486,2,'admin/auth/logout','GET','127.0.0.1','{\"_pjax\":\"#pjax-container\"}','2018-05-19 23:11:08','2018-05-19 23:11:08'),(487,2,'admin/auth/setting','GET','127.0.0.1','{\"_pjax\":\"#pjax-container\"}','2018-05-19 23:11:11','2018-05-19 23:11:11'),(488,2,'admin','GET','127.0.0.1','{\"_pjax\":\"#pjax-container\"}','2018-05-19 23:11:22','2018-05-19 23:11:22'),(489,2,'admin/auth/logout','GET','127.0.0.1','{\"_pjax\":\"#pjax-container\"}','2018-05-19 23:11:26','2018-05-19 23:11:26'),(490,2,'admin/auth/login','GET','127.0.0.1','[]','2018-05-19 23:11:35','2018-05-19 23:11:35'),(491,2,'admin','GET','127.0.0.1','[]','2018-05-19 23:11:39','2018-05-19 23:11:39'),(492,1,'admin','GET','127.0.0.1','[]','2018-05-21 07:16:35','2018-05-21 07:16:35'),(493,1,'admin/products','GET','127.0.0.1','{\"_pjax\":\"#pjax-container\"}','2018-05-21 07:32:24','2018-05-21 07:32:24'),(494,1,'admin/products/1/edit','GET','127.0.0.1','{\"_pjax\":\"#pjax-container\"}','2018-05-21 07:32:28','2018-05-21 07:32:28'),(495,1,'admin/products/1/edit','GET','127.0.0.1','[]','2018-05-21 07:33:22','2018-05-21 07:33:22'),(496,1,'admin/products/1/edit','GET','127.0.0.1','[]','2018-05-21 07:35:15','2018-05-21 07:35:15'),(497,1,'admin/products/1/edit','GET','127.0.0.1','[]','2018-05-21 07:39:57','2018-05-21 07:39:57'),(498,1,'admin/products/1/edit','GET','127.0.0.1','[]','2018-05-21 07:48:42','2018-05-21 07:48:42'),(499,1,'admin/products/1/edit','GET','127.0.0.1','[]','2018-05-21 07:51:36','2018-05-21 07:51:36'),(500,1,'admin/products/1/edit','GET','127.0.0.1','[]','2018-05-21 07:54:10','2018-05-21 07:54:10'),(501,1,'admin/products/1/edit','GET','127.0.0.1','[]','2018-05-21 07:57:25','2018-05-21 07:57:25'),(502,1,'admin/products','GET','127.0.0.1','{\"_pjax\":\"#pjax-container\"}','2018-05-21 07:57:57','2018-05-21 07:57:57'),(503,1,'admin/products/create','GET','127.0.0.1','{\"_pjax\":\"#pjax-container\"}','2018-05-21 07:57:59','2018-05-21 07:57:59'),(504,1,'admin/products','POST','127.0.0.1','{\"name\":\"Two piece suit\",\"color\":\"#652fd8\",\"has_lining\":\"on\",\"is_complex\":\"on\",\"associated_products\":[\"1\",\"2\",null],\"_token\":\"BAhcSGPOu51kbb7TjAyTrygOoTpDefc8qL2QAjT2\",\"_previous_\":\"http:\\/\\/handsyork.local\\/admin\\/products\"}','2018-05-21 07:59:19','2018-05-21 07:59:19'),(505,1,'admin/products/create','GET','127.0.0.1','[]','2018-05-21 07:59:20','2018-05-21 07:59:20'),(506,1,'admin/products','POST','127.0.0.1','{\"name\":\"Two piece suit\",\"color\":\"#642ed8\",\"has_lining\":\"on\",\"is_complex\":\"on\",\"associated_products\":[\"1\",\"2\",null],\"_token\":\"BAhcSGPOu51kbb7TjAyTrygOoTpDefc8qL2QAjT2\"}','2018-05-21 08:01:39','2018-05-21 08:01:39'),(507,1,'admin/products/create','GET','127.0.0.1','[]','2018-05-21 08:01:40','2018-05-21 08:01:40'),(508,1,'admin/products/create','GET','127.0.0.1','[]','2018-05-21 08:01:40','2018-05-21 08:01:40'),(509,1,'admin/products/create','GET','127.0.0.1','[]','2018-05-21 08:01:40','2018-05-21 08:01:40'),(510,1,'admin/products/create','GET','127.0.0.1','[]','2018-05-21 08:01:40','2018-05-21 08:01:40'),(511,1,'admin/products/create','GET','127.0.0.1','[]','2018-05-21 08:01:40','2018-05-21 08:01:40'),(512,1,'admin/products/create','GET','127.0.0.1','[]','2018-05-21 08:01:40','2018-05-21 08:01:40'),(513,1,'admin/products/create','GET','127.0.0.1','[]','2018-05-21 08:01:41','2018-05-21 08:01:41'),(514,1,'admin/products/create','GET','127.0.0.1','[]','2018-05-21 08:01:41','2018-05-21 08:01:41'),(515,1,'admin/products/create','GET','127.0.0.1','[]','2018-05-21 08:01:41','2018-05-21 08:01:41'),(516,1,'admin/products/create','GET','127.0.0.1','[]','2018-05-21 08:01:41','2018-05-21 08:01:41'),(517,1,'admin/products/create','GET','127.0.0.1','[]','2018-05-21 08:01:41','2018-05-21 08:01:41'),(518,1,'admin/products/create','GET','127.0.0.1','[]','2018-05-21 08:01:41','2018-05-21 08:01:41'),(519,1,'admin/products/create','GET','127.0.0.1','[]','2018-05-21 08:01:41','2018-05-21 08:01:41'),(520,1,'admin/products/create','GET','127.0.0.1','[]','2018-05-21 08:01:41','2018-05-21 08:01:41'),(521,1,'admin/products/create','GET','127.0.0.1','[]','2018-05-21 08:01:42','2018-05-21 08:01:42'),(522,1,'admin/products/create','GET','127.0.0.1','[]','2018-05-21 08:01:42','2018-05-21 08:01:42'),(523,1,'admin/products/create','GET','127.0.0.1','[]','2018-05-21 08:01:42','2018-05-21 08:01:42'),(524,1,'admin/products/create','GET','127.0.0.1','[]','2018-05-21 08:01:42','2018-05-21 08:01:42'),(525,1,'admin/products/create','GET','127.0.0.1','[]','2018-05-21 08:01:42','2018-05-21 08:01:42'),(526,1,'admin/products/create','GET','127.0.0.1','[]','2018-05-21 08:01:42','2018-05-21 08:01:42'),(527,1,'admin/products','GET','127.0.0.1','[]','2018-05-21 08:02:08','2018-05-21 08:02:08'),(528,1,'admin/products/create','GET','127.0.0.1','{\"_pjax\":\"#pjax-container\"}','2018-05-21 08:02:33','2018-05-21 08:02:33'),(529,1,'admin/products','POST','127.0.0.1','{\"name\":\"two piece suit\",\"color\":\"#7c1f1f\",\"has_lining\":\"on\",\"is_complex\":\"on\",\"associated_products\":[\"1\",\"2\",null],\"_token\":\"BAhcSGPOu51kbb7TjAyTrygOoTpDefc8qL2QAjT2\",\"_previous_\":\"http:\\/\\/handsyork.local\\/admin\\/products\"}','2018-05-21 08:03:00','2018-05-21 08:03:00'),(530,1,'admin/products','GET','127.0.0.1','[]','2018-05-21 08:03:00','2018-05-21 08:03:00'),(531,1,'admin/products/create','GET','127.0.0.1','[]','2018-05-21 08:03:24','2018-05-21 08:03:24'),(532,1,'admin/products','POST','127.0.0.1','{\"name\":\"two piece suit\",\"color\":\"#7c1f1f\",\"has_lining\":\"off\",\"is_complex\":\"off\",\"associated_products\":[\"1\",\"2\",null],\"_token\":\"BAhcSGPOu51kbb7TjAyTrygOoTpDefc8qL2QAjT2\"}','2018-05-21 08:03:28','2018-05-21 08:03:28'),(533,1,'admin/products/create','GET','127.0.0.1','{\"_pjax\":\"#pjax-container\"}','2018-05-21 08:05:12','2018-05-21 08:05:12'),(534,1,'admin/products/create','GET','127.0.0.1','[]','2018-05-21 08:05:14','2018-05-21 08:05:14'),(535,1,'admin/products','POST','127.0.0.1','{\"name\":\"two piece suit\",\"color\":\"#5b5d91\",\"has_lining\":\"on\",\"is_complex\":\"on\",\"associated_products\":[\"1\",\"2\",null],\"_token\":\"BAhcSGPOu51kbb7TjAyTrygOoTpDefc8qL2QAjT2\"}','2018-05-21 08:05:36','2018-05-21 08:05:36'),(536,1,'admin/products/create','GET','127.0.0.1','[]','2018-05-21 08:05:36','2018-05-21 08:05:36'),(537,1,'admin/products','POST','127.0.0.1','{\"name\":\"two piece suit\",\"color\":\"#5b5c91\",\"has_lining\":\"on\",\"is_complex\":\"on\",\"associated_products\":[\"1\",\"2\",null],\"_token\":\"BAhcSGPOu51kbb7TjAyTrygOoTpDefc8qL2QAjT2\"}','2018-05-21 08:06:29','2018-05-21 08:06:29'),(538,1,'admin/products/create','GET','127.0.0.1','{\"_pjax\":\"#pjax-container\"}','2018-05-21 08:09:54','2018-05-21 08:09:54'),(539,1,'admin/products','POST','127.0.0.1','{\"name\":\"Export All Products\",\"color\":\"#700909\",\"has_lining\":\"on\",\"is_complex\":\"on\",\"associated_products\":[\"1\",\"2\",null],\"_token\":\"BAhcSGPOu51kbb7TjAyTrygOoTpDefc8qL2QAjT2\"}','2018-05-21 08:10:11','2018-05-21 08:10:11'),(540,1,'admin/products/create','GET','127.0.0.1','[]','2018-05-21 08:10:11','2018-05-21 08:10:11'),(541,1,'admin/products','POST','127.0.0.1','{\"name\":\"Export All Products\",\"color\":\"#700808\",\"has_lining\":\"on\",\"is_complex\":\"on\",\"associated_products\":[\"1\",\"2\",null],\"_token\":\"BAhcSGPOu51kbb7TjAyTrygOoTpDefc8qL2QAjT2\"}','2018-05-21 08:12:34','2018-05-21 08:12:34'),(542,1,'admin/products/create','GET','127.0.0.1','[]','2018-05-21 08:12:34','2018-05-21 08:12:34'),(543,1,'admin/products','POST','127.0.0.1','{\"name\":\"Export All Products\",\"color\":\"#700707\",\"has_lining\":\"on\",\"is_complex\":\"on\",\"associated_products\":[\"1\",\"2\",null],\"_token\":\"BAhcSGPOu51kbb7TjAyTrygOoTpDefc8qL2QAjT2\"}','2018-05-21 08:13:38','2018-05-21 08:13:38'),(544,1,'admin/products/create','GET','127.0.0.1','[]','2018-05-21 08:13:39','2018-05-21 08:13:39'),(545,1,'admin/products','POST','127.0.0.1','{\"name\":\"Export All Products\",\"color\":\"#700707\",\"has_lining\":\"on\",\"is_complex\":\"on\",\"associated_products\":[\"1\",\"2\",null],\"_token\":\"BAhcSGPOu51kbb7TjAyTrygOoTpDefc8qL2QAjT2\"}','2018-05-21 08:14:07','2018-05-21 08:14:07'),(546,1,'admin/products/create','GET','127.0.0.1','[]','2018-05-21 08:14:07','2018-05-21 08:14:07'),(547,1,'admin/products/create','GET','127.0.0.1','[]','2018-05-21 08:14:15','2018-05-21 08:14:15'),(548,1,'admin/products','POST','127.0.0.1','{\"name\":\"Arif Hossain\",\"color\":\"#3d0101\",\"has_lining\":\"on\",\"is_complex\":\"on\",\"associated_products\":[\"1\",\"2\",null],\"_token\":\"BAhcSGPOu51kbb7TjAyTrygOoTpDefc8qL2QAjT2\"}','2018-05-21 08:14:27','2018-05-21 08:14:27'),(549,1,'admin/products/create','GET','127.0.0.1','[]','2018-05-21 08:14:27','2018-05-21 08:14:27'),(550,1,'admin/products','POST','127.0.0.1','{\"name\":\"Arif Hossain\",\"color\":\"#3d0101\",\"has_lining\":\"on\",\"is_complex\":\"on\",\"associated_products\":[\"1\",\"2\",null],\"_token\":\"BAhcSGPOu51kbb7TjAyTrygOoTpDefc8qL2QAjT2\"}','2018-05-21 08:17:23','2018-05-21 08:17:23'),(551,1,'admin/products/create','GET','127.0.0.1','[]','2018-05-21 08:17:23','2018-05-21 08:17:23'),(552,1,'admin/products','POST','127.0.0.1','{\"name\":\"Arif Hossain\",\"color\":\"#3d0101\",\"has_lining\":\"on\",\"is_complex\":\"on\",\"associated_products\":[\"1\",\"2\",null],\"_token\":\"BAhcSGPOu51kbb7TjAyTrygOoTpDefc8qL2QAjT2\"}','2018-05-21 08:20:21','2018-05-21 08:20:21'),(553,1,'admin/products/create','GET','127.0.0.1','[]','2018-05-21 08:20:21','2018-05-21 08:20:21'),(554,1,'admin/products','POST','127.0.0.1','{\"name\":\"Arif Hossain\",\"color\":\"#3d0101\",\"has_lining\":\"on\",\"is_complex\":\"on\",\"associated_products\":[\"1\",\"2\",null],\"_token\":\"BAhcSGPOu51kbb7TjAyTrygOoTpDefc8qL2QAjT2\"}','2018-05-21 08:21:41','2018-05-21 08:21:41'),(555,1,'admin/products','GET','127.0.0.1','[]','2018-05-21 08:21:41','2018-05-21 08:21:41'),(556,1,'admin/products/create','GET','127.0.0.1','{\"_pjax\":\"#pjax-container\"}','2018-05-21 08:30:40','2018-05-21 08:30:40'),(557,1,'admin/products','POST','127.0.0.1','{\"name\":\"asdasd\",\"color\":\"#bc5656\",\"has_lining\":\"off\",\"is_complex\":\"off\",\"associated_products\":[\"2\",null],\"_token\":\"BAhcSGPOu51kbb7TjAyTrygOoTpDefc8qL2QAjT2\",\"_previous_\":\"http:\\/\\/handsyork.local\\/admin\\/products\"}','2018-05-21 08:30:52','2018-05-21 08:30:52'),(558,1,'admin/products','GET','127.0.0.1','[]','2018-05-21 08:30:52','2018-05-21 08:30:52'),(559,1,'admin/products/create','GET','127.0.0.1','{\"_pjax\":\"#pjax-container\"}','2018-05-21 08:31:05','2018-05-21 08:31:05'),(560,1,'admin/products','POST','127.0.0.1','{\"name\":\"asdasd\",\"color\":null,\"has_lining\":\"off\",\"is_complex\":\"off\",\"associated_products\":[\"2\",null],\"_token\":\"BAhcSGPOu51kbb7TjAyTrygOoTpDefc8qL2QAjT2\",\"_previous_\":\"http:\\/\\/handsyork.local\\/admin\\/products\"}','2018-05-21 08:31:12','2018-05-21 08:31:12'),(561,1,'admin/products/create','GET','127.0.0.1','{\"_pjax\":\"#pjax-container\"}','2018-05-21 08:36:00','2018-05-21 08:36:00'),(562,1,'admin/products','POST','127.0.0.1','{\"name\":\"sdasd\",\"color\":null,\"has_lining\":\"off\",\"is_complex\":\"off\",\"associated_products\":[\"2\",null],\"_token\":\"BAhcSGPOu51kbb7TjAyTrygOoTpDefc8qL2QAjT2\"}','2018-05-21 08:36:07','2018-05-21 08:36:07'),(563,1,'admin/products/create','GET','127.0.0.1','[]','2018-05-21 08:36:07','2018-05-21 08:36:07'),(564,1,'admin/products','POST','127.0.0.1','{\"name\":\"sdasd\",\"color\":null,\"has_lining\":\"off\",\"is_complex\":\"off\",\"associated_products\":[\"2\",null],\"_token\":\"BAhcSGPOu51kbb7TjAyTrygOoTpDefc8qL2QAjT2\"}','2018-05-21 08:38:36','2018-05-21 08:38:36'),(565,1,'admin/products/create','GET','127.0.0.1','[]','2018-05-21 08:38:36','2018-05-21 08:38:36'),(566,1,'admin/products','POST','127.0.0.1','{\"name\":\"sdasd\",\"color\":null,\"has_lining\":\"off\",\"is_complex\":\"off\",\"associated_products\":[\"2\",null],\"_token\":\"BAhcSGPOu51kbb7TjAyTrygOoTpDefc8qL2QAjT2\"}','2018-05-21 08:39:16','2018-05-21 08:39:16'),(567,1,'admin/products/create','GET','127.0.0.1','[]','2018-05-21 08:39:16','2018-05-21 08:39:16'),(568,1,'admin/products','POST','127.0.0.1','{\"name\":\"sdasd\",\"color\":null,\"has_lining\":\"off\",\"is_complex\":\"off\",\"associated_products\":[\"2\",null],\"_token\":\"BAhcSGPOu51kbb7TjAyTrygOoTpDefc8qL2QAjT2\"}','2018-05-21 08:53:02','2018-05-21 08:53:02'),(569,1,'admin/products','GET','127.0.0.1','[]','2018-05-21 08:53:02','2018-05-21 08:53:02'),(570,1,'admin/products/4/edit','GET','127.0.0.1','{\"_pjax\":\"#pjax-container\"}','2018-05-21 08:53:26','2018-05-21 08:53:26'),(571,1,'admin/products/4','PUT','127.0.0.1','{\"name\":\"Two Piece Suit\",\"color\":\"#000000\",\"has_lining\":\"on\",\"is_complex\":\"on\",\"associated_products\":[\"2\",\"3\",null],\"_token\":\"BAhcSGPOu51kbb7TjAyTrygOoTpDefc8qL2QAjT2\",\"_method\":\"PUT\",\"_previous_\":\"http:\\/\\/handsyork.local\\/admin\\/products\"}','2018-05-21 08:53:58','2018-05-21 08:53:58'),(572,1,'admin/products','GET','127.0.0.1','[]','2018-05-21 08:53:58','2018-05-21 08:53:58'),(573,1,'admin','GET','127.0.0.1','[]','2018-05-21 21:41:25','2018-05-21 21:41:25'),(574,1,'admin/products','GET','127.0.0.1','{\"_pjax\":\"#pjax-container\"}','2018-05-21 21:41:29','2018-05-21 21:41:29'),(575,1,'admin/products','GET','127.0.0.1','[]','2018-05-21 21:42:16','2018-05-21 21:42:16'),(576,1,'admin/products','GET','127.0.0.1','[]','2018-05-21 21:42:56','2018-05-21 21:42:56'),(577,1,'admin/products','GET','127.0.0.1','[]','2018-05-21 21:45:43','2018-05-21 21:45:43'),(578,1,'admin/products','GET','127.0.0.1','[]','2018-05-21 21:46:08','2018-05-21 21:46:08'),(579,1,'admin/products','GET','127.0.0.1','[]','2018-05-21 21:47:23','2018-05-21 21:47:23'),(580,1,'admin/products','GET','127.0.0.1','[]','2018-05-21 21:53:09','2018-05-21 21:53:09'),(581,1,'admin/products','GET','127.0.0.1','[]','2018-05-21 21:53:33','2018-05-21 21:53:33'),(582,1,'admin/products','GET','127.0.0.1','[]','2018-05-21 21:53:52','2018-05-21 21:53:52'),(583,1,'admin/products','GET','127.0.0.1','[]','2018-05-21 21:54:09','2018-05-21 21:54:09'),(584,1,'admin/products','GET','127.0.0.1','[]','2018-05-21 21:55:08','2018-05-21 21:55:08'),(585,1,'admin/products','GET','127.0.0.1','[]','2018-05-21 21:55:21','2018-05-21 21:55:21'),(586,1,'admin/products','GET','127.0.0.1','[]','2018-05-21 21:56:06','2018-05-21 21:56:06'),(587,1,'admin/products/4/edit','GET','127.0.0.1','{\"_pjax\":\"#pjax-container\"}','2018-05-21 21:56:51','2018-05-21 21:56:51'),(588,1,'admin/products/4','PUT','127.0.0.1','{\"name\":\"Two Piece Suit\",\"color\":\"#000000\",\"has_lining\":\"on\",\"is_complex\":\"off\",\"associated_products\":[\"1\",\"2\",\"3\",null],\"_token\":\"OIBsmKbDXEe3Io8ai2Nl8TqJi7bvmxUrvZYBr2h3\",\"_method\":\"PUT\",\"_previous_\":\"http:\\/\\/handsyork.local\\/admin\\/products\"}','2018-05-21 21:57:00','2018-05-21 21:57:00'),(589,1,'admin/products','GET','127.0.0.1','[]','2018-05-21 21:57:00','2018-05-21 21:57:00'),(590,1,'admin/products','GET','127.0.0.1','{\"_pjax\":\"#pjax-container\"}','2018-05-21 22:01:17','2018-05-21 22:01:17'),(591,1,'admin/products','GET','127.0.0.1','{\"_pjax\":\"#pjax-container\"}','2018-05-21 22:01:19','2018-05-21 22:01:19'),(592,1,'admin/attribute_sets','GET','127.0.0.1','{\"_pjax\":\"#pjax-container\"}','2018-05-21 22:01:25','2018-05-21 22:01:25'),(593,1,'admin/attribute_sets/1/edit','GET','127.0.0.1','{\"_pjax\":\"#pjax-container\"}','2018-05-21 22:01:28','2018-05-21 22:01:28'),(594,1,'admin/attribute_sets','GET','127.0.0.1','{\"_pjax\":\"#pjax-container\"}','2018-05-21 22:01:41','2018-05-21 22:01:41'),(595,1,'admin/products','GET','127.0.0.1','{\"_pjax\":\"#pjax-container\"}','2018-05-21 22:01:49','2018-05-21 22:01:49'),(596,1,'admin/products/create','GET','127.0.0.1','{\"_pjax\":\"#pjax-container\"}','2018-05-21 22:01:50','2018-05-21 22:01:50'),(597,1,'admin/products/create','GET','127.0.0.1','[]','2018-05-21 22:07:41','2018-05-21 22:07:41'),(598,1,'admin/attribute_sets','GET','127.0.0.1','{\"_pjax\":\"#pjax-container\"}','2018-05-21 22:07:49','2018-05-21 22:07:49'),(599,1,'admin/attribute_sets/create','GET','127.0.0.1','{\"_pjax\":\"#pjax-container\"}','2018-05-21 22:07:51','2018-05-21 22:07:51'),(600,1,'admin/attribute_sets','GET','127.0.0.1','[]','2018-05-21 22:07:52','2018-05-21 22:07:52'),(601,1,'admin/attribute_sets','GET','127.0.0.1','[]','2018-05-21 22:08:04','2018-05-21 22:08:04'),(602,1,'admin/attribute_sets/1/edit','GET','127.0.0.1','{\"_pjax\":\"#pjax-container\"}','2018-05-21 22:08:06','2018-05-21 22:08:06'),(603,1,'admin/attribute_sets/1/edit','GET','127.0.0.1','[]','2018-05-21 22:08:15','2018-05-21 22:08:15'),(604,1,'admin/attribute_sets/1','PUT','127.0.0.1','{\"product_id\":\"1\",\"name\":\"Bazar\",\"machine_name\":\"blazer\",\"attributes\":[\"1\",\"2\",null],\"_token\":\"OIBsmKbDXEe3Io8ai2Nl8TqJi7bvmxUrvZYBr2h3\",\"_method\":\"PUT\"}','2018-05-21 22:08:29','2018-05-21 22:08:29'),(605,1,'admin/attribute_sets','GET','127.0.0.1','[]','2018-05-21 22:08:29','2018-05-21 22:08:29'),(606,1,'admin/attribute_sets','GET','127.0.0.1','[]','2018-05-21 22:08:58','2018-05-21 22:08:58'),(607,1,'admin/attribute_sets/1/edit','GET','127.0.0.1','{\"_pjax\":\"#pjax-container\"}','2018-05-21 22:09:02','2018-05-21 22:09:02'),(608,1,'admin/attribute_sets/1/edit','GET','127.0.0.1','[]','2018-05-21 22:09:21','2018-05-21 22:09:21'),(609,1,'admin/attribute_sets','GET','127.0.0.1','{\"_pjax\":\"#pjax-container\"}','2018-05-21 22:09:24','2018-05-21 22:09:24'),(610,1,'admin/attribute_sets','GET','127.0.0.1','[]','2018-05-21 22:14:24','2018-05-21 22:14:24'),(611,1,'admin/attribute_sets','GET','127.0.0.1','[]','2018-05-21 22:14:37','2018-05-21 22:14:37'),(612,1,'admin/attribute_sets','GET','127.0.0.1','[]','2018-05-21 22:15:21','2018-05-21 22:15:21'),(613,1,'admin/attribute_sets/create','GET','127.0.0.1','{\"_pjax\":\"#pjax-container\"}','2018-05-21 22:15:27','2018-05-21 22:15:27'),(614,1,'admin/attribute_sets/create','GET','127.0.0.1','[]','2018-05-21 22:15:43','2018-05-21 22:15:43'),(615,1,'admin/attribute_sets/create','GET','127.0.0.1','[]','2018-05-21 22:16:41','2018-05-21 22:16:41'),(616,1,'admin','GET','127.0.0.1','{\"_pjax\":\"#pjax-container\"}','2018-05-21 22:17:28','2018-05-21 22:17:28'),(617,1,'admin','GET','127.0.0.1','[]','2018-05-21 22:17:32','2018-05-21 22:17:32'),(618,1,'admin','GET','127.0.0.1','[]','2018-05-23 07:29:34','2018-05-23 07:29:34'),(619,1,'admin','GET','127.0.0.1','{\"_pjax\":\"#pjax-container\"}','2018-05-23 07:29:48','2018-05-23 07:29:48'),(620,1,'admin/products','GET','127.0.0.1','{\"_pjax\":\"#pjax-container\"}','2018-05-23 07:29:57','2018-05-23 07:29:57'),(621,1,'admin/products','GET','127.0.0.1','[]','2018-05-23 07:56:39','2018-05-23 07:56:39'),(622,1,'admin/products','GET','127.0.0.1','[]','2018-05-23 07:56:53','2018-05-23 07:56:53'),(623,1,'admin','GET','127.0.0.1','{\"_pjax\":\"#pjax-container\"}','2018-05-23 07:57:27','2018-05-23 07:57:27'),(624,1,'admin','GET','127.0.0.1','[]','2018-05-23 07:59:02','2018-05-23 07:59:02'),(625,1,'admin','GET','127.0.0.1','[]','2018-05-23 07:59:12','2018-05-23 07:59:12'),(626,1,'admin','GET','127.0.0.1','[]','2018-05-23 07:59:19','2018-05-23 07:59:19'),(627,1,'admin','GET','127.0.0.1','[]','2018-05-23 08:17:33','2018-05-23 08:17:33'),(628,1,'admin/auth/menu','GET','127.0.0.1','{\"_pjax\":\"#pjax-container\"}','2018-05-23 09:07:33','2018-05-23 09:07:33'),(629,1,'admin/auth/menu/8/edit','GET','127.0.0.1','{\"_pjax\":\"#pjax-container\"}','2018-05-23 09:07:40','2018-05-23 09:07:40'),(630,1,'admin/auth/menu','GET','127.0.0.1','{\"_pjax\":\"#pjax-container\"}','2018-05-23 09:08:08','2018-05-23 09:08:08'),(631,1,'admin/auth/menu/11/edit','GET','127.0.0.1','{\"_pjax\":\"#pjax-container\"}','2018-05-23 09:08:13','2018-05-23 09:08:13'),(632,1,'admin/auth/menu','GET','127.0.0.1','{\"_pjax\":\"#pjax-container\"}','2018-05-23 09:08:48','2018-05-23 09:08:48'),(633,1,'admin/auth/menu/12/edit','GET','127.0.0.1','{\"_pjax\":\"#pjax-container\"}','2018-05-23 09:08:55','2018-05-23 09:08:55'),(634,1,'admin/auth/menu','GET','127.0.0.1','{\"_pjax\":\"#pjax-container\"}','2018-05-23 09:09:24','2018-05-23 09:09:24'),(635,1,'admin/auth/menu/13/edit','GET','127.0.0.1','{\"_pjax\":\"#pjax-container\"}','2018-05-23 09:09:28','2018-05-23 09:09:28'),(636,1,'admin/auth/menu','GET','127.0.0.1','{\"_pjax\":\"#pjax-container\"}','2018-05-23 09:09:49','2018-05-23 09:09:49'),(637,1,'admin/auth/menu/14/edit','GET','127.0.0.1','{\"_pjax\":\"#pjax-container\"}','2018-05-23 09:09:52','2018-05-23 09:09:52'),(638,1,'admin/auth/menu','GET','127.0.0.1','{\"_pjax\":\"#pjax-container\"}','2018-05-23 09:10:12','2018-05-23 09:10:12'),(639,1,'admin/auth/menu/15/edit','GET','127.0.0.1','{\"_pjax\":\"#pjax-container\"}','2018-05-23 09:10:23','2018-05-23 09:10:23'),(640,1,'admin/auth/menu','GET','127.0.0.1','{\"_pjax\":\"#pjax-container\"}','2018-05-23 09:10:43','2018-05-23 09:10:43'),(641,1,'admin/auth/menu/10/edit','GET','127.0.0.1','{\"_pjax\":\"#pjax-container\"}','2018-05-23 09:10:46','2018-05-23 09:10:46'),(642,1,'admin/auth/menu','GET','127.0.0.1','{\"_pjax\":\"#pjax-container\"}','2018-05-23 09:11:06','2018-05-23 09:11:06'),(643,1,'admin/auth/menu/9/edit','GET','127.0.0.1','{\"_pjax\":\"#pjax-container\"}','2018-05-23 09:11:10','2018-05-23 09:11:10'),(644,1,'admin','GET','127.0.0.1','[]','2018-05-24 08:39:56','2018-05-24 08:39:56'),(645,1,'admin/products','GET','127.0.0.1','{\"_pjax\":\"#pjax-container\"}','2018-05-24 08:40:00','2018-05-24 08:40:00'),(646,1,'admin/products/1/edit','GET','127.0.0.1','{\"_pjax\":\"#pjax-container\"}','2018-05-24 08:40:04','2018-05-24 08:40:04'),(647,1,'admin/products/1','PUT','127.0.0.1','{\"name\":\"Blazer\",\"color\":\"#4f19ea\",\"has_lining\":\"on\",\"is_complex\":\"off\",\"associated_products\":[null],\"_token\":\"ELWAP8FTIZNvN0hb3NFW601iflGgLmkdmL89sgOx\",\"_method\":\"PUT\",\"_previous_\":\"http:\\/\\/handsyork.local\\/admin\\/products\"}','2018-05-24 08:40:38','2018-05-24 08:40:38'),(648,1,'admin/products','GET','127.0.0.1','[]','2018-05-24 08:40:38','2018-05-24 08:40:38'),(649,1,'admin/products/2/edit','GET','127.0.0.1','{\"_pjax\":\"#pjax-container\"}','2018-05-24 08:42:16','2018-05-24 08:42:16'),(650,1,'admin/products/2','PUT','127.0.0.1','{\"name\":\"PANT\",\"color\":\"#6113e0\",\"has_lining\":\"on\",\"is_complex\":\"off\",\"associated_products\":[null],\"_token\":\"ELWAP8FTIZNvN0hb3NFW601iflGgLmkdmL89sgOx\",\"_method\":\"PUT\",\"_previous_\":\"http:\\/\\/handsyork.local\\/admin\\/products\"}','2018-05-24 08:42:22','2018-05-24 08:42:22'),(651,1,'admin/products','GET','127.0.0.1','[]','2018-05-24 08:42:22','2018-05-24 08:42:22'),(652,1,'admin/products/3/edit','GET','127.0.0.1','{\"_pjax\":\"#pjax-container\"}','2018-05-24 08:42:24','2018-05-24 08:42:24'),(653,1,'admin/products/3','PUT','127.0.0.1','{\"name\":\"Shirt\",\"color\":\"#4e10d1\",\"has_lining\":\"off\",\"is_complex\":\"off\",\"associated_products\":[null],\"_token\":\"ELWAP8FTIZNvN0hb3NFW601iflGgLmkdmL89sgOx\",\"_method\":\"PUT\",\"_previous_\":\"http:\\/\\/handsyork.local\\/admin\\/products\"}','2018-05-24 08:42:30','2018-05-24 08:42:30'),(654,1,'admin/products','GET','127.0.0.1','[]','2018-05-24 08:42:30','2018-05-24 08:42:30'),(655,1,'admin/products/4/edit','GET','127.0.0.1','{\"_pjax\":\"#pjax-container\"}','2018-05-24 08:42:32','2018-05-24 08:42:32'),(656,1,'admin/products/4','PUT','127.0.0.1','{\"name\":\"Two Piece Suit\",\"color\":\"#622ad8\",\"has_lining\":\"on\",\"is_complex\":\"off\",\"associated_products\":[\"1\",\"2\",\"3\",null],\"_token\":\"ELWAP8FTIZNvN0hb3NFW601iflGgLmkdmL89sgOx\",\"_method\":\"PUT\",\"_previous_\":\"http:\\/\\/handsyork.local\\/admin\\/products\"}','2018-05-24 08:42:37','2018-05-24 08:42:37'),(657,1,'admin/products','GET','127.0.0.1','[]','2018-05-24 08:42:37','2018-05-24 08:42:37'),(658,1,'admin/products/create','GET','127.0.0.1','{\"_pjax\":\"#pjax-container\"}','2018-05-24 08:55:20','2018-05-24 08:55:20'),(659,1,'admin/products','POST','127.0.0.1','{\"name\":\"t-shirt\",\"color\":\"#af1f1f\",\"has_lining\":\"off\",\"is_complex\":\"off\",\"associated_products\":[null],\"_token\":\"ELWAP8FTIZNvN0hb3NFW601iflGgLmkdmL89sgOx\",\"_previous_\":\"http:\\/\\/handsyork.local\\/admin\\/products\"}','2018-05-24 08:55:32','2018-05-24 08:55:32'),(660,1,'admin/products','GET','127.0.0.1','[]','2018-05-24 08:55:32','2018-05-24 08:55:32'),(661,1,'admin/products/5','DELETE','127.0.0.1','{\"_method\":\"delete\",\"_token\":\"ELWAP8FTIZNvN0hb3NFW601iflGgLmkdmL89sgOx\"}','2018-05-24 08:56:38','2018-05-24 08:56:38'),(662,1,'admin/products','GET','127.0.0.1','{\"_pjax\":\"#pjax-container\"}','2018-05-24 08:56:38','2018-05-24 08:56:38'),(663,1,'admin/fabrics','GET','127.0.0.1','{\"_pjax\":\"#pjax-container\"}','2018-05-24 09:12:54','2018-05-24 09:12:54'),(664,1,'admin/fabrics','GET','127.0.0.1','[]','2018-05-24 09:16:32','2018-05-24 09:16:32'),(665,1,'admin/auth/setting','GET','127.0.0.1','{\"_pjax\":\"#pjax-container\"}','2018-05-24 09:28:40','2018-05-24 09:28:40'),(666,1,'admin/auth/logout','GET','127.0.0.1','{\"_pjax\":\"#pjax-container\"}','2018-05-24 09:28:47','2018-05-24 09:28:47'),(667,1,'admin','GET','127.0.0.1','[]','2018-05-24 21:09:24','2018-05-24 21:09:24'),(668,1,'admin/products','GET','127.0.0.1','{\"_pjax\":\"#pjax-container\"}','2018-05-24 21:09:27','2018-05-24 21:09:27'),(669,1,'admin/products/1/edit','GET','127.0.0.1','{\"_pjax\":\"#pjax-container\"}','2018-05-24 21:09:31','2018-05-24 21:09:31'),(670,1,'admin/products/1/edit','GET','127.0.0.1','[]','2018-05-24 21:11:39','2018-05-24 21:11:39'),(671,1,'admin/products/1/edit','GET','127.0.0.1','[]','2018-05-24 21:14:43','2018-05-24 21:14:43'),(672,1,'admin/products/1/edit','GET','127.0.0.1','[]','2018-05-24 21:15:00','2018-05-24 21:15:00'),(673,1,'admin/products/1','PUT','127.0.0.1','{\"name\":\"Blazer\",\"color\":\"#4f18ea\",\"has_lining\":\"on\",\"is_complex\":\"off\",\"associated_products\":[null],\"weight\":\"1\",\"active\":\"on\",\"_token\":\"xHDxbb0Gugcm13WEOfc0loSyX5W9FWAolX5qCQyB\",\"_method\":\"PUT\"}','2018-05-24 21:15:04','2018-05-24 21:15:04'),(674,1,'admin/products','GET','127.0.0.1','[]','2018-05-24 21:15:04','2018-05-24 21:15:04'),(675,1,'admin/products','GET','127.0.0.1','[]','2018-05-24 21:15:43','2018-05-24 21:15:43'),(676,1,'admin/products/1','PUT','127.0.0.1','{\"active\":\"off\",\"_token\":\"xHDxbb0Gugcm13WEOfc0loSyX5W9FWAolX5qCQyB\",\"_method\":\"PUT\"}','2018-05-24 21:15:52','2018-05-24 21:15:52'),(677,1,'admin/products/1','PUT','127.0.0.1','{\"active\":\"on\",\"_token\":\"xHDxbb0Gugcm13WEOfc0loSyX5W9FWAolX5qCQyB\",\"_method\":\"PUT\"}','2018-05-24 21:15:58','2018-05-24 21:15:58'),(678,1,'admin/products','GET','127.0.0.1','[]','2018-05-24 21:16:16','2018-05-24 21:16:16'),(679,1,'admin/products/4/edit','GET','127.0.0.1','{\"_pjax\":\"#pjax-container\"}','2018-05-24 21:16:31','2018-05-24 21:16:31'),(680,1,'admin/products/4','PUT','127.0.0.1','{\"name\":\"Two Piece Suit\",\"color\":\"#6129d8\",\"has_lining\":\"on\",\"is_complex\":\"off\",\"associated_products\":[\"1\",\"2\",\"3\",null],\"weight\":\"1\",\"active\":\"on\",\"_token\":\"xHDxbb0Gugcm13WEOfc0loSyX5W9FWAolX5qCQyB\",\"_method\":\"PUT\",\"_previous_\":\"http:\\/\\/handsyork.local\\/admin\\/products\"}','2018-05-24 21:16:35','2018-05-24 21:16:35'),(681,1,'admin/products','GET','127.0.0.1','[]','2018-05-24 21:16:35','2018-05-24 21:16:35'),(682,1,'admin/products/3','DELETE','127.0.0.1','{\"_method\":\"delete\",\"_token\":\"xHDxbb0Gugcm13WEOfc0loSyX5W9FWAolX5qCQyB\"}','2018-05-24 21:16:40','2018-05-24 21:16:40'),(683,1,'admin/products','GET','127.0.0.1','{\"_pjax\":\"#pjax-container\"}','2018-05-24 21:16:40','2018-05-24 21:16:40'),(684,1,'admin/products','GET','127.0.0.1','[]','2018-05-24 21:16:55','2018-05-24 21:16:55'),(685,1,'admin/products','GET','127.0.0.1','[]','2018-05-24 21:16:59','2018-05-24 21:16:59'),(686,1,'admin/products/4/edit','GET','127.0.0.1','{\"_pjax\":\"#pjax-container\"}','2018-05-24 21:17:01','2018-05-24 21:17:01'),(687,1,'admin/products','GET','127.0.0.1','{\"_pjax\":\"#pjax-container\"}','2018-05-24 21:17:04','2018-05-24 21:17:04'),(688,1,'admin/fabrics','GET','127.0.0.1','{\"_pjax\":\"#pjax-container\"}','2018-05-24 21:17:57','2018-05-24 21:17:57'),(689,1,'admin/products','GET','127.0.0.1','{\"_pjax\":\"#pjax-container\"}','2018-05-24 21:18:00','2018-05-24 21:18:00'),(690,1,'admin/products','GET','127.0.0.1','[]','2018-05-24 21:18:30','2018-05-24 21:18:30'),(691,1,'admin/products/4/edit','GET','127.0.0.1','{\"_pjax\":\"#pjax-container\"}','2018-05-24 21:18:35','2018-05-24 21:18:35'),(692,1,'admin/products/4','PUT','127.0.0.1','{\"name\":\"Two Piece Suit\",\"color\":\"#6028d8\",\"has_lining\":\"on\",\"is_complex\":\"off\",\"associated_products\":[\"1\",\"2\",null],\"weight\":\"1\",\"active\":\"on\",\"_token\":\"xHDxbb0Gugcm13WEOfc0loSyX5W9FWAolX5qCQyB\",\"_method\":\"PUT\",\"_previous_\":\"http:\\/\\/handsyork.local\\/admin\\/products\"}','2018-05-24 21:18:45','2018-05-24 21:18:45'),(693,1,'admin/products','GET','127.0.0.1','[]','2018-05-24 21:18:45','2018-05-24 21:18:45'),(694,1,'admin/products/2/edit','GET','127.0.0.1','{\"_pjax\":\"#pjax-container\"}','2018-05-24 21:18:50','2018-05-24 21:18:50'),(695,1,'admin/products/2','PUT','127.0.0.1','{\"name\":\"PANT\",\"color\":\"#6012e0\",\"has_lining\":\"on\",\"is_complex\":\"off\",\"associated_products\":[null],\"weight\":\"3\",\"active\":\"on\",\"_token\":\"xHDxbb0Gugcm13WEOfc0loSyX5W9FWAolX5qCQyB\",\"_method\":\"PUT\",\"_previous_\":\"http:\\/\\/handsyork.local\\/admin\\/products\"}','2018-05-24 21:18:54','2018-05-24 21:18:54'),(696,1,'admin/products','GET','127.0.0.1','[]','2018-05-24 21:18:54','2018-05-24 21:18:54'),(697,1,'admin/products/1/edit','GET','127.0.0.1','{\"_pjax\":\"#pjax-container\"}','2018-05-24 21:18:56','2018-05-24 21:18:56'),(698,1,'admin/products/1','PUT','127.0.0.1','{\"name\":\"Blazer\",\"color\":\"#4e17ea\",\"has_lining\":\"on\",\"is_complex\":\"off\",\"associated_products\":[null],\"weight\":\"2\",\"active\":\"on\",\"_token\":\"xHDxbb0Gugcm13WEOfc0loSyX5W9FWAolX5qCQyB\",\"_method\":\"PUT\",\"_previous_\":\"http:\\/\\/handsyork.local\\/admin\\/products\"}','2018-05-24 21:19:02','2018-05-24 21:19:02'),(699,1,'admin/products','GET','127.0.0.1','[]','2018-05-24 21:19:02','2018-05-24 21:19:02'),(700,1,'admin/products','GET','127.0.0.1','[]','2018-05-24 21:21:35','2018-05-24 21:21:35'),(701,1,'admin/fabrics','GET','127.0.0.1','{\"_pjax\":\"#pjax-container\"}','2018-05-24 23:09:18','2018-05-24 23:09:18'),(702,1,'admin/fabrics/2/edit','GET','127.0.0.1','{\"_pjax\":\"#pjax-container\"}','2018-05-24 23:09:24','2018-05-24 23:09:24'),(703,1,'admin/products','GET','127.0.0.1','{\"_pjax\":\"#pjax-container\"}','2018-05-24 23:12:08','2018-05-24 23:12:08'),(704,1,'admin/products/1/edit','GET','127.0.0.1','{\"_pjax\":\"#pjax-container\"}','2018-05-24 23:12:12','2018-05-24 23:12:12'),(705,1,'admin/fabrics','GET','127.0.0.1','{\"_pjax\":\"#pjax-container\"}','2018-05-24 23:39:02','2018-05-24 23:39:02'),(706,1,'admin/fabrics/2/edit','GET','127.0.0.1','{\"_pjax\":\"#pjax-container\"}','2018-05-24 23:39:05','2018-05-24 23:39:05'),(707,1,'admin/linings','GET','127.0.0.1','{\"_pjax\":\"#pjax-container\"}','2018-05-24 23:49:25','2018-05-24 23:49:25'),(708,1,'admin/linings/2/edit','GET','127.0.0.1','{\"_pjax\":\"#pjax-container\"}','2018-05-24 23:49:27','2018-05-24 23:49:27'),(709,1,'admin/linings/2','PUT','127.0.0.1','{\"products\":[\"1\",\"2\",null],\"images\":{\"4\":{\"caption\":\"2345\",\"id\":\"4\",\"_remove_\":\"0\"}},\"_token\":\"xHDxbb0Gugcm13WEOfc0loSyX5W9FWAolX5qCQyB\",\"_method\":\"PUT\",\"_previous_\":\"http:\\/\\/handsyork.local\\/admin\\/linings\"}','2018-05-25 00:01:05','2018-05-25 00:01:05'),(710,1,'admin/linings','GET','127.0.0.1','[]','2018-05-25 00:01:06','2018-05-25 00:01:06'),(711,1,'admin/styles','GET','127.0.0.1','{\"_pjax\":\"#pjax-container\"}','2018-05-25 00:01:26','2018-05-25 00:01:26'),(712,1,'admin/styles/1/edit','GET','127.0.0.1','{\"_pjax\":\"#pjax-container\"}','2018-05-25 00:01:28','2018-05-25 00:01:28'),(713,1,'admin/products','GET','127.0.0.1','{\"_pjax\":\"#pjax-container\"}','2018-05-25 00:26:07','2018-05-25 00:26:07'),(714,1,'admin/products/1/edit','GET','127.0.0.1','{\"_pjax\":\"#pjax-container\"}','2018-05-25 00:26:10','2018-05-25 00:26:10'),(715,1,'admin/attribute_sets','GET','127.0.0.1','{\"_pjax\":\"#pjax-container\"}','2018-05-25 00:27:36','2018-05-25 00:27:36'),(716,1,'admin/attribute_sets/1/edit','GET','127.0.0.1','{\"_pjax\":\"#pjax-container\"}','2018-05-25 00:27:39','2018-05-25 00:27:39'),(717,1,'admin/products','GET','127.0.0.1','{\"_pjax\":\"#pjax-container\"}','2018-05-25 00:46:07','2018-05-25 00:46:07'),(718,1,'admin/products/4/edit','GET','127.0.0.1','{\"_pjax\":\"#pjax-container\"}','2018-05-25 00:46:09','2018-05-25 00:46:09'),(719,1,'admin/products/4/edit','GET','127.0.0.1','[]','2018-05-25 02:28:57','2018-05-25 02:28:57'),(720,1,'admin/products/4','PUT','127.0.0.1','{\"name\":\"Two Piece Suit\",\"color\":\"#5f28d8\",\"has_lining\":\"on\",\"is_complex\":\"on\",\"associated_products\":[\"1\",\"2\",null],\"weight\":\"1\",\"active\":\"on\",\"_token\":\"xHDxbb0Gugcm13WEOfc0loSyX5W9FWAolX5qCQyB\",\"_method\":\"PUT\"}','2018-05-25 02:38:57','2018-05-25 02:38:57'),(721,1,'admin/products','GET','127.0.0.1','[]','2018-05-25 02:38:57','2018-05-25 02:38:57'),(722,1,'admin/products/2/edit','GET','127.0.0.1','{\"_pjax\":\"#pjax-container\"}','2018-05-25 02:39:10','2018-05-25 02:39:10'),(723,1,'admin/products/2','PUT','127.0.0.1','{\"name\":\"Pants\",\"color\":\"#6011e0\",\"has_lining\":\"on\",\"is_complex\":\"off\",\"associated_products\":[null],\"weight\":\"3\",\"active\":\"on\",\"_token\":\"xHDxbb0Gugcm13WEOfc0loSyX5W9FWAolX5qCQyB\",\"_method\":\"PUT\",\"_previous_\":\"http:\\/\\/handsyork.local\\/admin\\/products\"}','2018-05-25 02:39:17','2018-05-25 02:39:17'),(724,1,'admin/products','GET','127.0.0.1','[]','2018-05-25 02:39:17','2018-05-25 02:39:17'),(725,1,'admin/products','GET','127.0.0.1','[]','2018-05-25 07:24:17','2018-05-25 07:24:17'),(726,1,'admin/products/1','PUT','127.0.0.1','{\"is_complex\":\"on\",\"_token\":\"Xi6Q05bgo8Jvn48i8j9pdoLrNKeXzDuPeHgXCySQ\",\"_method\":\"PUT\"}','2018-05-25 07:24:22','2018-05-25 07:24:22'),(727,1,'admin/products/1','PUT','127.0.0.1','{\"is_complex\":\"off\",\"_token\":\"Xi6Q05bgo8Jvn48i8j9pdoLrNKeXzDuPeHgXCySQ\",\"_method\":\"PUT\"}','2018-05-25 07:24:25','2018-05-25 07:24:25'),(728,1,'admin/styles','GET','127.0.0.1','{\"_pjax\":\"#pjax-container\"}','2018-05-25 08:08:48','2018-05-25 08:08:48'),(729,1,'admin/styles/create','GET','127.0.0.1','{\"_pjax\":\"#pjax-container\"}','2018-05-25 08:08:50','2018-05-25 08:08:50'),(730,1,'admin/styles','POST','127.0.0.1','{\"products\":[\"1\",null],\"name\":\"test2\",\"images\":{\"new_1\":{\"caption\":\"test2\",\"id\":null,\"_remove_\":\"0\"},\"new_2\":{\"caption\":\"345354\",\"id\":null,\"_remove_\":\"0\"}},\"_token\":\"Xi6Q05bgo8Jvn48i8j9pdoLrNKeXzDuPeHgXCySQ\",\"_previous_\":\"http:\\/\\/handsyork.local\\/admin\\/styles\"}','2018-05-25 08:10:20','2018-05-25 08:10:20'),(731,1,'admin/styles','GET','127.0.0.1','[]','2018-05-25 08:10:20','2018-05-25 08:10:20'),(732,1,'admin','GET','127.0.0.1','[]','2018-05-25 20:50:03','2018-05-25 20:50:03'),(733,1,'admin/fabrics','GET','127.0.0.1','{\"_pjax\":\"#pjax-container\"}','2018-05-25 20:52:17','2018-05-25 20:52:17'),(734,1,'admin/fabrics','GET','127.0.0.1','[]','2018-05-25 20:53:53','2018-05-25 20:53:53'),(735,1,'admin/fabrics/create','GET','127.0.0.1','{\"_pjax\":\"#pjax-container\"}','2018-05-25 20:53:57','2018-05-25 20:53:57'),(736,1,'admin/fabrics/create','GET','127.0.0.1','[]','2018-05-25 20:56:30','2018-05-25 20:56:30'),(737,1,'admin/fabrics','GET','127.0.0.1','{\"_pjax\":\"#pjax-container\"}','2018-05-25 20:56:39','2018-05-25 20:56:39'),(738,1,'admin/fabrics','GET','127.0.0.1','{\"_pjax\":\"#pjax-container\"}','2018-05-25 20:56:46','2018-05-25 20:56:46'),(739,1,'admin/fabrics','GET','127.0.0.1','[]','2018-05-25 20:58:13','2018-05-25 20:58:13'),(740,1,'admin/fabrics/2/edit','GET','127.0.0.1','{\"_pjax\":\"#pjax-container\"}','2018-05-25 20:58:24','2018-05-25 20:58:24'),(741,1,'admin/fabrics/2','PUT','127.0.0.1','{\"products\":[\"1\",null],\"composition_id\":\"1\",\"color_id\":\"4\",\"pattern_id\":\"2\",\"category_id\":\"3\",\"images\":{\"1\":{\"caption\":\"2345\",\"id\":\"1\",\"_remove_\":\"0\"},\"2\":{\"caption\":\"123\",\"id\":\"2\",\"_remove_\":\"0\"},\"3\":{\"caption\":\"345354\",\"id\":\"3\",\"_remove_\":\"0\"},\"new_1\":{\"caption\":\"12334564\",\"id\":null,\"_remove_\":\"0\"}},\"_token\":\"P2ICik7smlJ6d196EJZFWBaugU1gPDyPD1Axb3ZH\",\"_method\":\"PUT\",\"_previous_\":\"http:\\/\\/handsyork.local\\/admin\\/fabrics\"}','2018-05-25 20:59:41','2018-05-25 20:59:41'),(742,1,'admin/fabrics','GET','127.0.0.1','[]','2018-05-25 20:59:42','2018-05-25 20:59:42'),(743,1,'admin/linings','GET','127.0.0.1','{\"_pjax\":\"#pjax-container\"}','2018-05-25 21:02:23','2018-05-25 21:02:23'),(744,1,'admin/linings/2/edit','GET','127.0.0.1','{\"_pjax\":\"#pjax-container\"}','2018-05-25 21:02:25','2018-05-25 21:02:25'),(745,1,'admin/linings/2','PUT','127.0.0.1','{\"products\":[\"1\",\"2\",null],\"images\":{\"4\":{\"caption\":\"2345\",\"id\":\"4\",\"_remove_\":\"0\"},\"new_1\":{\"caption\":\"12334564\",\"id\":null,\"_remove_\":\"0\"}},\"_token\":\"P2ICik7smlJ6d196EJZFWBaugU1gPDyPD1Axb3ZH\",\"_method\":\"PUT\",\"_previous_\":\"http:\\/\\/handsyork.local\\/admin\\/linings\"}','2018-05-25 21:02:36','2018-05-25 21:02:36'),(746,1,'admin/linings','GET','127.0.0.1','[]','2018-05-25 21:02:37','2018-05-25 21:02:37'),(747,1,'admin/styles','GET','127.0.0.1','{\"_pjax\":\"#pjax-container\"}','2018-05-25 21:02:40','2018-05-25 21:02:40'),(748,1,'admin/styles/1/edit','GET','127.0.0.1','{\"_pjax\":\"#pjax-container\"}','2018-05-25 21:02:44','2018-05-25 21:02:44'),(749,1,'admin/styles/1','PUT','127.0.0.1','{\"products\":[\"1\",null],\"name\":\"Canvas\",\"images\":{\"6\":{\"caption\":\"Fusced Canvas\",\"id\":\"6\",\"_remove_\":\"1\"},\"new_1\":{\"caption\":\"12334564\",\"id\":null,\"_remove_\":\"0\"}},\"_token\":\"P2ICik7smlJ6d196EJZFWBaugU1gPDyPD1Axb3ZH\",\"_method\":\"PUT\",\"_previous_\":\"http:\\/\\/handsyork.local\\/admin\\/styles\"}','2018-05-25 21:02:59','2018-05-25 21:02:59'),(750,1,'admin/styles','GET','127.0.0.1','[]','2018-05-25 21:02:59','2018-05-25 21:02:59'),(751,1,'admin/fabrics','GET','127.0.0.1','{\"_pjax\":\"#pjax-container\"}','2018-05-25 21:03:24','2018-05-25 21:03:24'),(752,1,'admin/fabrics/2/edit','GET','127.0.0.1','{\"_pjax\":\"#pjax-container\"}','2018-05-25 21:03:27','2018-05-25 21:03:27'),(753,1,'admin/fabrics/2','PUT','127.0.0.1','{\"products\":[\"1\",null],\"composition_id\":\"1\",\"color_id\":\"4\",\"pattern_id\":\"2\",\"category_id\":\"3\",\"images\":{\"1\":{\"caption\":\"2345\",\"id\":\"1\",\"_remove_\":\"1\"},\"2\":{\"caption\":\"123\",\"id\":\"2\",\"_remove_\":\"1\"},\"3\":{\"caption\":\"345354\",\"id\":\"3\",\"_remove_\":\"1\"},\"9\":{\"caption\":\"12334564\",\"id\":\"9\",\"_remove_\":\"1\"},\"new_1\":{\"caption\":\"12334564\",\"id\":null,\"_remove_\":\"0\"}},\"_token\":\"P2ICik7smlJ6d196EJZFWBaugU1gPDyPD1Axb3ZH\",\"_method\":\"PUT\",\"_previous_\":\"http:\\/\\/handsyork.local\\/admin\\/fabrics\"}','2018-05-25 21:03:53','2018-05-25 21:03:53'),(754,1,'admin/fabrics','GET','127.0.0.1','[]','2018-05-25 21:03:53','2018-05-25 21:03:53'),(755,1,'admin/products','GET','127.0.0.1','{\"_pjax\":\"#pjax-container\"}','2018-05-25 21:21:03','2018-05-25 21:21:03'),(756,1,'admin/linings','GET','127.0.0.1','{\"_pjax\":\"#pjax-container\"}','2018-05-25 21:21:10','2018-05-25 21:21:10'),(757,1,'admin/linings/2/edit','GET','127.0.0.1','{\"_pjax\":\"#pjax-container\"}','2018-05-25 21:21:12','2018-05-25 21:21:12'),(758,1,'admin/linings','GET','127.0.0.1','{\"_pjax\":\"#pjax-container\"}','2018-05-25 21:21:20','2018-05-25 21:21:20'),(759,1,'admin/fabrics','GET','127.0.0.1','{\"_pjax\":\"#pjax-container\"}','2018-05-25 21:21:22','2018-05-25 21:21:22'),(760,1,'admin/fabrics/2/edit','GET','127.0.0.1','{\"_pjax\":\"#pjax-container\"}','2018-05-25 21:21:25','2018-05-25 21:21:25'),(761,1,'admin/fabrics/2/edit','GET','127.0.0.1','[]','2018-05-25 21:22:22','2018-05-25 21:22:22'),(762,1,'admin_1','GET','127.0.0.1','[]','2018-05-25 22:41:01','2018-05-25 22:41:01'),(763,1,'admin_1/products','GET','127.0.0.1','{\"_pjax\":\"#pjax-container\"}','2018-05-25 22:41:05','2018-05-25 22:41:05'),(764,1,'admin_1/products/create','GET','127.0.0.1','{\"_pjax\":\"#pjax-container\"}','2018-05-25 22:41:08','2018-05-25 22:41:08'),(765,1,'admin_1/products','GET','127.0.0.1','{\"_pjax\":\"#pjax-container\"}','2018-05-25 22:41:12','2018-05-25 22:41:12'),(766,1,'admin','GET','127.0.0.1','[]','2018-05-28 00:19:01','2018-05-28 00:19:01'),(767,1,'admin/fabrics','GET','127.0.0.1','{\"_pjax\":\"#pjax-container\"}','2018-05-28 00:19:04','2018-05-28 00:19:04'),(768,1,'admin/fabrics/create','GET','127.0.0.1','{\"_pjax\":\"#pjax-container\"}','2018-05-28 00:19:07','2018-05-28 00:19:07'),(769,1,'admin/fabrics','GET','127.0.0.1','{\"_pjax\":\"#pjax-container\"}','2018-05-28 00:19:23','2018-05-28 00:19:23'),(770,1,'admin/fabrics/2/edit','GET','127.0.0.1','{\"_pjax\":\"#pjax-container\"}','2018-05-28 00:19:25','2018-05-28 00:19:25'),(771,1,'admin/fabrics/2','PUT','127.0.0.1','{\"products\":[\"1\",null],\"composition_id\":\"1\",\"color_id\":\"4\",\"pattern_id\":\"2\",\"category_id\":\"3\",\"images\":{\"12\":{\"caption\":\"12334564\",\"id\":\"12\",\"_remove_\":\"0\"},\"new_1\":{\"caption\":\"2345\",\"id\":null,\"_remove_\":\"0\"}},\"_token\":\"3HgMx2gZTnIoquezrTPIIQxBnLkoOIvl4cX0jwt7\",\"_method\":\"PUT\",\"_previous_\":\"http:\\/\\/handsyork.local\\/admin\\/fabrics\"}','2018-05-28 00:20:38','2018-05-28 00:20:38'),(772,1,'admin/fabrics','GET','127.0.0.1','[]','2018-05-28 00:20:38','2018-05-28 00:20:38'),(773,1,'admin','GET','127.0.0.1','[]','2018-05-29 08:48:27','2018-05-29 08:48:27'),(774,1,'admin/auth/menu','GET','127.0.0.1','{\"_pjax\":\"#pjax-container\"}','2018-05-29 08:48:39','2018-05-29 08:48:39'),(775,1,'admin/auth/menu/10/edit','GET','127.0.0.1','{\"_pjax\":\"#pjax-container\"}','2018-05-29 08:48:46','2018-05-29 08:48:46'),(776,1,'admin/auth/menu','GET','127.0.0.1','{\"_pjax\":\"#pjax-container\"}','2018-05-29 08:48:52','2018-05-29 08:48:52'),(777,1,'admin/auth/menu/9','DELETE','127.0.0.1','{\"_method\":\"delete\",\"_token\":\"tss0MwHlh8BeT0uTL7k1aPzgYDP0GYg76JlzzU7J\"}','2018-05-29 08:48:58','2018-05-29 08:48:58'),(778,1,'admin/auth/menu','GET','127.0.0.1','{\"_pjax\":\"#pjax-container\"}','2018-05-29 08:48:58','2018-05-29 08:48:58'),(779,1,'admin/auth/menu/10','DELETE','127.0.0.1','{\"_method\":\"delete\",\"_token\":\"tss0MwHlh8BeT0uTL7k1aPzgYDP0GYg76JlzzU7J\"}','2018-05-29 08:49:03','2018-05-29 08:49:03'),(780,1,'admin/auth/menu','GET','127.0.0.1','{\"_pjax\":\"#pjax-container\"}','2018-05-29 08:49:03','2018-05-29 08:49:03'),(781,1,'admin/customers','GET','127.0.0.1','[]','2018-05-29 08:53:37','2018-05-29 08:53:37'),(782,1,'admin/customers','GET','127.0.0.1','[]','2018-05-29 08:53:51','2018-05-29 08:53:51'),(783,1,'admin/customers','GET','127.0.0.1','[]','2018-05-29 08:53:51','2018-05-29 08:53:51'),(784,1,'admin/customers','GET','127.0.0.1','[]','2018-05-29 08:53:52','2018-05-29 08:53:52'),(785,1,'admin/customers/1/edit','GET','127.0.0.1','{\"_pjax\":\"#pjax-container\"}','2018-05-29 08:53:59','2018-05-29 08:53:59'),(786,1,'admin/customers','GET','127.0.0.1','{\"_pjax\":\"#pjax-container\"}','2018-05-29 08:54:02','2018-05-29 08:54:02'),(787,1,'admin/customers','GET','127.0.0.1','[]','2018-05-29 08:54:58','2018-05-29 08:54:58'),(788,1,'admin/customers/1/edit','GET','127.0.0.1','{\"_pjax\":\"#pjax-container\"}','2018-05-29 08:55:05','2018-05-29 08:55:05'),(789,1,'admin/customers','GET','127.0.0.1','{\"_pjax\":\"#pjax-container\"}','2018-05-29 08:56:05','2018-05-29 08:56:05'),(790,1,'admin/customers','GET','127.0.0.1','[]','2018-05-29 08:56:16','2018-05-29 08:56:16'),(791,1,'admin/customers','GET','127.0.0.1','[]','2018-05-29 08:58:27','2018-05-29 08:58:27'),(792,1,'admin/customers','GET','127.0.0.1','{\"id\":null,\"email\":\"arif04cuet@gmail.com\",\"name\":\"Arif Hossain\",\"mobile\":\"1717348147\",\"_pjax\":\"#pjax-container\"}','2018-05-29 08:58:37','2018-05-29 08:58:37'),(793,1,'admin/customers','GET','127.0.0.1','{\"_pjax\":\"#pjax-container\",\"id\":null,\"email\":\"arif04cuet@gmail.com\",\"name\":\"Arif Hossain\",\"mobile\":\"17173481473\"}','2018-05-29 08:58:43','2018-05-29 08:58:43'),(794,1,'admin/customers','GET','127.0.0.1','{\"_pjax\":\"#pjax-container\"}','2018-05-29 08:58:46','2018-05-29 08:58:46'),(795,1,'admin/customers','GET','127.0.0.1','{\"_pjax\":\"#pjax-container\"}','2018-05-29 08:58:49','2018-05-29 08:58:49'),(796,1,'admin/customers/1/edit','GET','127.0.0.1','{\"_pjax\":\"#pjax-container\"}','2018-05-29 08:58:52','2018-05-29 08:58:52'),(797,1,'admin/customers','GET','127.0.0.1','{\"_pjax\":\"#pjax-container\"}','2018-05-29 08:58:56','2018-05-29 08:58:56'),(798,1,'admin/orders','GET','127.0.0.1','[]','2018-05-29 08:59:45','2018-05-29 08:59:45'),(799,1,'admin/orders','GET','127.0.0.1','[]','2018-05-29 09:00:06','2018-05-29 09:00:06'),(800,1,'admin/orders/1/edit','GET','127.0.0.1','{\"_pjax\":\"#pjax-container\"}','2018-05-29 09:00:13','2018-05-29 09:00:13'),(801,1,'admin/orders','GET','127.0.0.1','{\"_pjax\":\"#pjax-container\"}','2018-05-29 09:00:15','2018-05-29 09:00:15'),(802,1,'admin/orders','GET','127.0.0.1','[]','2018-05-29 09:00:54','2018-05-29 09:00:54'),(803,1,'admin/orders','GET','127.0.0.1','[]','2018-05-29 09:02:41','2018-05-29 09:02:41'),(804,1,'admin/orders','GET','127.0.0.1','[]','2018-05-29 09:02:53','2018-05-29 09:02:53'),(805,1,'admin/orders','GET','127.0.0.1','[]','2018-05-29 09:03:03','2018-05-29 09:03:03'),(806,1,'admin/orders','GET','127.0.0.1','[]','2018-05-29 09:06:12','2018-05-29 09:06:12'),(807,1,'admin/orders','GET','127.0.0.1','[]','2018-05-29 09:07:03','2018-05-29 09:07:03'),(808,1,'admin/orders','GET','127.0.0.1','[]','2018-05-29 09:12:49','2018-05-29 09:12:49'),(809,1,'admin/orders','GET','127.0.0.1','[]','2018-05-29 09:14:03','2018-05-29 09:14:03'),(810,1,'admin/orders','GET','127.0.0.1','[]','2018-05-29 09:16:20','2018-05-29 09:16:20'),(811,1,'admin/orders','GET','127.0.0.1','[]','2018-05-29 09:18:53','2018-05-29 09:18:53'),(812,1,'admin/orders','GET','127.0.0.1','[]','2018-05-29 09:19:12','2018-05-29 09:19:12'),(813,1,'admin/orders','GET','127.0.0.1','[]','2018-05-29 09:27:09','2018-05-29 09:27:09'),(814,1,'admin/orders','GET','127.0.0.1','[]','2018-05-29 09:28:52','2018-05-29 09:28:52'),(815,1,'admin/orders','GET','127.0.0.1','[]','2018-05-29 09:35:10','2018-05-29 09:35:10'),(816,1,'admin/orders','GET','127.0.0.1','[]','2018-05-29 09:37:34','2018-05-29 09:37:34'),(817,1,'admin/orders','GET','127.0.0.1','[]','2018-05-29 09:38:59','2018-05-29 09:38:59'),(818,1,'admin/orders','GET','127.0.0.1','[]','2018-05-29 09:55:23','2018-05-29 09:55:23'),(819,1,'admin/orders','GET','127.0.0.1','[]','2018-05-29 09:55:37','2018-05-29 09:55:37'),(820,1,'admin/orders','GET','127.0.0.1','[]','2018-05-29 09:56:07','2018-05-29 09:56:07'),(821,1,'admin/orders','GET','127.0.0.1','[]','2018-05-29 09:56:46','2018-05-29 09:56:46'),(822,1,'admin/orders','GET','127.0.0.1','[]','2018-05-29 09:57:42','2018-05-29 09:57:42'),(823,1,'admin/orders','GET','127.0.0.1','[]','2018-05-29 09:58:28','2018-05-29 09:58:28'),(824,1,'admin/orders','GET','127.0.0.1','[]','2018-05-29 09:58:56','2018-05-29 09:58:56'),(825,1,'admin/orders','GET','127.0.0.1','[]','2018-05-29 10:03:08','2018-05-29 10:03:08'),(826,1,'admin/orders','GET','127.0.0.1','[]','2018-05-29 10:03:26','2018-05-29 10:03:26'),(827,1,'admin/orders/3','DELETE','127.0.0.1','{\"_method\":\"delete\",\"_token\":\"tss0MwHlh8BeT0uTL7k1aPzgYDP0GYg76JlzzU7J\"}','2018-05-29 10:05:26','2018-05-29 10:05:26'),(828,1,'admin/orders','GET','127.0.0.1','{\"_pjax\":\"#pjax-container\"}','2018-05-29 10:05:26','2018-05-29 10:05:26'),(829,1,'admin/orders/2','DELETE','127.0.0.1','{\"_method\":\"delete\",\"_token\":\"tss0MwHlh8BeT0uTL7k1aPzgYDP0GYg76JlzzU7J\"}','2018-05-29 10:05:32','2018-05-29 10:05:32'),(830,1,'admin/orders','GET','127.0.0.1','{\"_pjax\":\"#pjax-container\"}','2018-05-29 10:05:32','2018-05-29 10:05:32'),(831,1,'admin/orders','GET','127.0.0.1','{\"_pjax\":\"#pjax-container\"}','2018-05-29 10:07:10','2018-05-29 10:07:10'),(832,1,'admin/orders','GET','127.0.0.1','{\"_pjax\":\"#pjax-container\"}','2018-05-29 10:10:19','2018-05-29 10:10:19'),(833,1,'admin/orders','GET','127.0.0.1','[]','2018-05-29 10:10:49','2018-05-29 10:10:49'),(834,1,'admin/orders','GET','127.0.0.1','{\"id\":null,\"created_at\":{\"start\":\"2018-05-28\",\"end\":\"2018-05-30\"},\"_pjax\":\"#pjax-container\"}','2018-05-29 10:10:59','2018-05-29 10:10:59'),(835,1,'admin/orders','GET','127.0.0.1','{\"_pjax\":\"#pjax-container\",\"id\":null,\"created_at\":{\"start\":\"2018-05-30\",\"end\":\"2018-05-30\"}}','2018-05-29 10:11:06','2018-05-29 10:11:06'),(836,1,'admin/orders','GET','127.0.0.1','{\"_pjax\":\"#pjax-container\"}','2018-05-29 10:11:08','2018-05-29 10:11:08'),(837,1,'admin/orders','GET','127.0.0.1','[]','2018-05-29 10:16:50','2018-05-29 10:16:50'),(838,1,'admin/orders','GET','127.0.0.1','{\"id\":null,\"created_at\":{\"start\":null,\"end\":null},\"637add3b977882290bace21772600ff8\":\"arif04cuet@gmail.com\",\"_pjax\":\"#pjax-container\"}','2018-05-29 10:16:58','2018-05-29 10:16:58'),(839,1,'admin/orders','GET','127.0.0.1','{\"_pjax\":\"#pjax-container\",\"id\":null,\"created_at\":{\"start\":null,\"end\":null},\"637add3b977882290bace21772600ff8\":\"01717\"}','2018-05-29 10:17:20','2018-05-29 10:17:20'),(840,1,'admin/orders','GET','127.0.0.1','{\"id\":null,\"created_at\":{\"start\":null,\"end\":null},\"637add3b977882290bace21772600ff8\":\"01717\"}','2018-05-29 10:17:41','2018-05-29 10:17:41'),(841,1,'admin/orders','GET','127.0.0.1','{\"id\":null,\"created_at\":{\"start\":null,\"end\":null},\"637add3b977882290bace21772600ff8\":\"01717\",\"_pjax\":\"#pjax-container\"}','2018-05-29 10:18:00','2018-05-29 10:18:00'),(842,1,'admin/auth/menu','GET','127.0.0.1','{\"_pjax\":\"#pjax-container\"}','2018-05-29 10:18:11','2018-05-29 10:18:11'),(843,1,'admin/auth/menu','POST','127.0.0.1','{\"parent_id\":\"0\",\"title\":\"Sales\",\"icon\":\"fa-bars\",\"uri\":null,\"roles\":[\"1\",null],\"_token\":\"tss0MwHlh8BeT0uTL7k1aPzgYDP0GYg76JlzzU7J\"}','2018-05-29 10:18:22','2018-05-29 10:18:22'),(844,1,'admin/auth/menu','GET','127.0.0.1','[]','2018-05-29 10:18:23','2018-05-29 10:18:23'),(845,1,'admin/auth/menu','POST','127.0.0.1','{\"parent_id\":\"16\",\"title\":\"Orders\",\"icon\":\"fa-bars\",\"uri\":\"orders\",\"roles\":[\"1\",null],\"_token\":\"tss0MwHlh8BeT0uTL7k1aPzgYDP0GYg76JlzzU7J\"}','2018-05-29 10:18:44','2018-05-29 10:18:44'),(846,1,'admin/auth/menu','GET','127.0.0.1','[]','2018-05-29 10:18:44','2018-05-29 10:18:44'),(847,1,'admin/auth/menu','POST','127.0.0.1','{\"parent_id\":\"16\",\"title\":\"Customers\",\"icon\":\"fa-bars\",\"uri\":\"customers\",\"roles\":[\"1\",null],\"_token\":\"tss0MwHlh8BeT0uTL7k1aPzgYDP0GYg76JlzzU7J\"}','2018-05-29 10:18:59','2018-05-29 10:18:59'),(848,1,'admin/auth/menu','GET','127.0.0.1','[]','2018-05-29 10:18:59','2018-05-29 10:18:59'),(849,1,'admin','GET','127.0.0.1','{\"_pjax\":\"#pjax-container\"}','2018-05-29 10:19:05','2018-05-29 10:19:05'),(850,1,'admin/auth/menu','GET','127.0.0.1','{\"_pjax\":\"#pjax-container\"}','2018-05-29 10:19:15','2018-05-29 10:19:15'),(851,1,'admin/auth/menu','POST','127.0.0.1','{\"_token\":\"tss0MwHlh8BeT0uTL7k1aPzgYDP0GYg76JlzzU7J\",\"_order\":\"[{\\\"id\\\":1},{\\\"id\\\":2,\\\"children\\\":[{\\\"id\\\":3},{\\\"id\\\":4},{\\\"id\\\":5},{\\\"id\\\":6},{\\\"id\\\":7}]},{\\\"id\\\":8,\\\"children\\\":[{\\\"id\\\":11},{\\\"id\\\":12},{\\\"id\\\":13},{\\\"id\\\":14},{\\\"id\\\":15}]},{\\\"id\\\":16,\\\"children\\\":[{\\\"id\\\":17},{\\\"id\\\":18}]}]\"}','2018-05-29 10:19:22','2018-05-29 10:19:22'),(852,1,'admin/auth/menu','GET','127.0.0.1','{\"_pjax\":\"#pjax-container\"}','2018-05-29 10:19:22','2018-05-29 10:19:22'),(853,1,'admin/auth/logout','GET','127.0.0.1','{\"_pjax\":\"#pjax-container\"}','2018-05-29 10:19:28','2018-05-29 10:19:28'),(854,1,'admin','GET','127.0.0.1','[]','2018-05-29 10:19:42','2018-05-29 10:19:42'),(855,1,'admin/orders','GET','127.0.0.1','{\"_pjax\":\"#pjax-container\"}','2018-05-29 10:19:49','2018-05-29 10:19:49'),(856,1,'admin/customers','GET','127.0.0.1','{\"_pjax\":\"#pjax-container\"}','2018-05-29 10:20:01','2018-05-29 10:20:01'),(857,1,'admin/customers','GET','127.0.0.1','{\"_pjax\":\"#pjax-container\"}','2018-05-29 10:20:59','2018-05-29 10:20:59'),(858,1,'admin/orders','GET','127.0.0.1','{\"_pjax\":\"#pjax-container\"}','2018-05-29 10:21:42','2018-05-29 10:21:42'),(859,1,'admin/orders','GET','127.0.0.1','[]','2018-05-29 10:23:45','2018-05-29 10:23:45'),(860,1,'admin/orders','GET','127.0.0.1','[]','2018-05-29 10:23:55','2018-05-29 10:23:55'),(861,1,'admin/orders','GET','127.0.0.1','[]','2018-05-29 10:24:29','2018-05-29 10:24:29'),(862,1,'admin','GET','127.0.0.1','[]','2018-05-30 22:59:22','2018-05-30 22:59:22'),(863,1,'admin/products','GET','127.0.0.1','{\"_pjax\":\"#pjax-container\"}','2018-05-30 22:59:25','2018-05-30 22:59:25'),(864,1,'admin/products/4/edit','GET','127.0.0.1','{\"_pjax\":\"#pjax-container\"}','2018-05-30 22:59:30','2018-05-30 22:59:30'),(865,1,'admin/products','GET','127.0.0.1','{\"_pjax\":\"#pjax-container\"}','2018-05-30 22:59:35','2018-05-30 22:59:35'),(866,1,'admin/styles','GET','127.0.0.1','{\"_pjax\":\"#pjax-container\"}','2018-05-30 22:59:40','2018-05-30 22:59:40'),(867,1,'admin/styles/1/edit','GET','127.0.0.1','{\"_pjax\":\"#pjax-container\"}','2018-05-30 22:59:48','2018-05-30 22:59:48'),(868,1,'admin/styles','GET','127.0.0.1','{\"_pjax\":\"#pjax-container\"}','2018-05-30 22:59:51','2018-05-30 22:59:51'),(869,1,'admin/styles/create','GET','127.0.0.1','{\"_pjax\":\"#pjax-container\"}','2018-05-30 22:59:52','2018-05-30 22:59:52'),(870,1,'admin/styles','POST','127.0.0.1','{\"products\":[\"2\",null],\"name\":\"Pant-SL-1\",\"images\":{\"new_1\":{\"caption\":\"pant-1\",\"id\":null,\"_remove_\":\"0\"}},\"_token\":\"cpPBI7M7mzPmN0QX9ZlJmAHEOr3Q1lCB2x555Bj1\",\"_previous_\":\"http:\\/\\/handsyork.local\\/admin\\/styles\"}','2018-05-30 23:00:47','2018-05-30 23:00:47'),(871,1,'admin/styles','GET','127.0.0.1','[]','2018-05-30 23:00:47','2018-05-30 23:00:47'),(872,1,'admin','GET','127.0.0.1','[]','2018-06-06 21:30:59','2018-06-06 21:30:59'),(873,1,'admin/products','GET','127.0.0.1','{\"_pjax\":\"#pjax-container\"}','2018-06-06 21:31:07','2018-06-06 21:31:07'),(874,1,'admin/fabric_filter','GET','127.0.0.1','{\"_pjax\":\"#pjax-container\"}','2018-06-06 21:31:12','2018-06-06 21:31:12'),(875,1,'admin/products','GET','127.0.0.1','{\"_pjax\":\"#pjax-container\"}','2018-06-06 21:31:15','2018-06-06 21:31:15'),(876,1,'admin/products/1/edit','GET','127.0.0.1','{\"_pjax\":\"#pjax-container\"}','2018-06-06 21:31:23','2018-06-06 21:31:23'),(877,1,'admin/products/1/edit','GET','127.0.0.1','[]','2018-06-06 21:31:51','2018-06-06 21:31:51'),(878,1,'admin/products/1/edit','GET','127.0.0.1','[]','2018-06-06 21:39:28','2018-06-06 21:39:28'),(879,1,'admin/products/1','PUT','127.0.0.1','{\"name\":\"Blazer\",\"color\":\"#4e16ea\",\"has_lining\":\"on\",\"is_tuxedo\":\"off\",\"is_complex\":\"off\",\"associated_products\":[null],\"weight\":null,\"active\":\"on\",\"_token\":\"77Xrd1EwisHHjp9MvwgwubFNvqZ5BKuoVWF4S7rE\",\"_method\":\"PUT\"}','2018-06-06 21:40:03','2018-06-06 21:40:03'),(880,1,'admin/products','GET','127.0.0.1','[]','2018-06-06 21:40:03','2018-06-06 21:40:03'),(881,1,'admin/products','GET','127.0.0.1','[]','2018-06-06 21:40:33','2018-06-06 21:40:33'),(882,1,'admin/products/1','PUT','127.0.0.1','{\"is_tuxedo\":\"on\",\"_token\":\"77Xrd1EwisHHjp9MvwgwubFNvqZ5BKuoVWF4S7rE\",\"_method\":\"PUT\"}','2018-06-06 21:40:38','2018-06-06 21:40:38'),(883,1,'admin/products/1','PUT','127.0.0.1','{\"is_tuxedo\":\"off\",\"_token\":\"77Xrd1EwisHHjp9MvwgwubFNvqZ5BKuoVWF4S7rE\",\"_method\":\"PUT\"}','2018-06-06 21:40:41','2018-06-06 21:40:41'),(884,1,'admin/products','GET','127.0.0.1','[]','2018-06-06 22:13:24','2018-06-06 22:13:24'),(885,1,'admin/products/1','PUT','127.0.0.1','{\"is_tuxedo\":\"on\",\"_token\":\"77Xrd1EwisHHjp9MvwgwubFNvqZ5BKuoVWF4S7rE\",\"_method\":\"PUT\"}','2018-06-06 22:13:31','2018-06-06 22:13:31'),(886,1,'admin','GET','127.0.0.1','[]','2018-06-09 21:54:31','2018-06-09 21:54:31'),(887,1,'admin/fabric_filter','GET','127.0.0.1','{\"_pjax\":\"#pjax-container\"}','2018-06-09 21:54:36','2018-06-09 21:54:36'),(888,1,'admin/fabrics','GET','127.0.0.1','{\"_pjax\":\"#pjax-container\"}','2018-06-09 21:54:40','2018-06-09 21:54:40'),(889,1,'admin/fabrics','GET','127.0.0.1','[]','2018-06-10 00:00:57','2018-06-10 00:00:57'),(890,1,'admin/fabrics/2/edit','GET','127.0.0.1','{\"_pjax\":\"#pjax-container\"}','2018-06-10 00:01:01','2018-06-10 00:01:01'),(891,1,'admin/fabrics','GET','127.0.0.1','{\"_pjax\":\"#pjax-container\"}','2018-06-10 00:01:31','2018-06-10 00:01:31'),(892,1,'admin/fabrics/create','GET','127.0.0.1','{\"_pjax\":\"#pjax-container\"}','2018-06-10 00:01:33','2018-06-10 00:01:33'),(893,1,'admin/fabrics','POST','127.0.0.1','{\"products\":[\"1\",null],\"composition_id\":\"1\",\"color_id\":\"5\",\"pattern_id\":null,\"category_id\":null,\"images\":{\"new_1\":{\"caption\":\"123\",\"id\":null,\"_remove_\":\"0\"}},\"_token\":\"7wVbAi4btyWQlEmpezmk2naJxVUynKCbVqFEMz2r\",\"_previous_\":\"http:\\/\\/handsyork.local\\/admin\\/fabrics\"}','2018-06-10 00:02:06','2018-06-10 00:02:06'),(894,1,'admin/fabrics','GET','127.0.0.1','[]','2018-06-10 00:02:07','2018-06-10 00:02:07'),(895,1,'admin/fabrics','GET','127.0.0.1','{\"_pjax\":\"#pjax-container\"}','2018-06-10 00:02:16','2018-06-10 00:02:16'),(896,1,'admin/fabrics','GET','127.0.0.1','{\"_pjax\":\"#pjax-container\"}','2018-06-10 00:02:20','2018-06-10 00:02:20'),(897,1,'admin/fabrics','GET','127.0.0.1','[]','2018-06-10 00:04:01','2018-06-10 00:04:01'),(898,1,'admin/fabrics','GET','127.0.0.1','[]','2018-06-10 00:04:04','2018-06-10 00:04:04'),(899,1,'admin/fabrics','GET','127.0.0.1','[]','2018-06-10 00:04:04','2018-06-10 00:04:04'),(900,1,'admin/fabrics','GET','127.0.0.1','[]','2018-06-10 00:04:05','2018-06-10 00:04:05'),(901,1,'admin/fabrics','GET','127.0.0.1','[]','2018-06-10 00:04:05','2018-06-10 00:04:05'),(902,1,'admin/fabrics','GET','127.0.0.1','[]','2018-06-10 00:05:07','2018-06-10 00:05:07'),(903,1,'admin/fabrics','GET','127.0.0.1','[]','2018-06-10 00:05:12','2018-06-10 00:05:12'),(904,1,'admin/fabrics','GET','127.0.0.1','[]','2018-06-10 00:05:12','2018-06-10 00:05:12'),(905,1,'admin/fabrics','GET','127.0.0.1','[]','2018-06-10 00:05:12','2018-06-10 00:05:12'),(906,1,'admin/fabrics','GET','127.0.0.1','[]','2018-06-10 00:05:12','2018-06-10 00:05:12'),(907,1,'admin/fabrics','GET','127.0.0.1','[]','2018-06-10 00:05:26','2018-06-10 00:05:26'),(908,1,'admin/fabrics','GET','127.0.0.1','[]','2018-06-10 00:05:50','2018-06-10 00:05:50'),(909,1,'admin/fabrics/3/edit','GET','127.0.0.1','{\"_pjax\":\"#pjax-container\"}','2018-06-10 00:05:54','2018-06-10 00:05:54'),(910,1,'admin/fabrics','GET','127.0.0.1','{\"_pjax\":\"#pjax-container\"}','2018-06-10 00:06:26','2018-06-10 00:06:26'),(911,1,'admin/fabrics/2/edit','GET','127.0.0.1','{\"_pjax\":\"#pjax-container\"}','2018-06-10 00:06:30','2018-06-10 00:06:30'),(912,1,'admin/orders','GET','127.0.0.1','{\"_pjax\":\"#pjax-container\"}','2018-06-10 01:15:44','2018-06-10 01:15:44'),(913,1,'admin/orders','GET','127.0.0.1','[]','2018-06-10 02:01:26','2018-06-10 02:01:26'),(914,1,'admin/orders/11/edit','GET','127.0.0.1','{\"_pjax\":\"#pjax-container\"}','2018-06-10 02:01:28','2018-06-10 02:01:28'),(915,1,'admin/orders','GET','127.0.0.1','{\"_pjax\":\"#pjax-container\"}','2018-06-10 02:01:31','2018-06-10 02:01:31'),(916,1,'admin/orders','GET','127.0.0.1','{\"_pjax\":\"#pjax-container\",\"id\":\"11\",\"created_at\":{\"start\":null,\"end\":null},\"ab526a6e1c1193a74b1ec7ab6cf9f553\":null}','2018-06-10 02:01:42','2018-06-10 02:01:42'),(917,1,'admin/orders','GET','127.0.0.1','{\"id\":\"11\",\"created_at\":{\"start\":null,\"end\":null},\"ab526a6e1c1193a74b1ec7ab6cf9f553\":null}','2018-06-10 02:01:50','2018-06-10 02:01:50'),(918,1,'admin','GET','127.0.0.1','[]','2018-06-10 02:59:26','2018-06-10 02:59:26'),(919,1,'admin/fabrics','GET','127.0.0.1','{\"_pjax\":\"#pjax-container\"}','2018-06-10 02:59:31','2018-06-10 02:59:31'),(920,1,'admin/fabrics','GET','127.0.0.1','[]','2018-06-10 03:01:17','2018-06-10 03:01:17'),(921,1,'admin/fabrics/3/edit','GET','127.0.0.1','{\"_pjax\":\"#pjax-container\"}','2018-06-10 03:01:27','2018-06-10 03:01:27'),(922,1,'admin/fabrics','GET','127.0.0.1','{\"_pjax\":\"#pjax-container\"}','2018-06-10 03:01:31','2018-06-10 03:01:31'),(923,1,'admin','GET','127.0.0.1','[]','2018-06-19 09:55:34','2018-06-19 09:55:34'),(924,1,'admin/orders','GET','127.0.0.1','{\"_pjax\":\"#pjax-container\"}','2018-06-19 09:55:37','2018-06-19 09:55:37'),(925,1,'admin/orders','GET','127.0.0.1','[]','2018-06-19 09:58:18','2018-06-19 09:58:18'),(926,1,'admin/orders','GET','127.0.0.1','[]','2018-06-19 10:02:11','2018-06-19 10:02:11'),(927,1,'admin/orders','GET','127.0.0.1','[]','2018-06-19 10:02:26','2018-06-19 10:02:26'),(928,1,'admin/orders','GET','127.0.0.1','[]','2018-06-19 10:02:29','2018-06-19 10:02:29'),(929,1,'admin/orders','GET','127.0.0.1','[]','2018-06-19 10:02:39','2018-06-19 10:02:39'),(930,1,'admin/orders','GET','127.0.0.1','[]','2018-06-19 10:02:41','2018-06-19 10:02:41'),(931,1,'admin/orders','GET','127.0.0.1','[]','2018-06-19 10:02:42','2018-06-19 10:02:42'),(932,1,'admin/orders','GET','127.0.0.1','[]','2018-06-19 10:02:42','2018-06-19 10:02:42'),(933,1,'admin/orders','GET','127.0.0.1','[]','2018-06-19 10:02:42','2018-06-19 10:02:42'),(934,1,'admin/orders','GET','127.0.0.1','[]','2018-06-19 10:02:52','2018-06-19 10:02:52'),(935,1,'admin/orders','GET','127.0.0.1','[]','2018-06-19 10:02:53','2018-06-19 10:02:53'),(936,1,'admin/orders','GET','127.0.0.1','[]','2018-06-19 10:02:54','2018-06-19 10:02:54'),(937,1,'admin/orders','GET','127.0.0.1','[]','2018-06-19 10:02:54','2018-06-19 10:02:54'),(938,1,'admin/orders','GET','127.0.0.1','[]','2018-06-19 10:02:54','2018-06-19 10:02:54'),(939,1,'admin/orders','GET','127.0.0.1','[]','2018-06-19 10:02:55','2018-06-19 10:02:55'),(940,1,'admin/orders','GET','127.0.0.1','[]','2018-06-19 10:05:13','2018-06-19 10:05:13'),(941,1,'admin','GET','127.0.0.1','[]','2018-06-19 23:43:06','2018-06-19 23:43:06'),(942,1,'admin/orders','GET','127.0.0.1','{\"_pjax\":\"#pjax-container\"}','2018-06-19 23:43:09','2018-06-19 23:43:09'),(943,1,'admin/orders','GET','127.0.0.1','{\"_pjax\":\"#pjax-container\"}','2018-06-20 00:06:18','2018-06-20 00:06:18'),(944,1,'admin/orders','GET','127.0.0.1','{\"_pjax\":\"#pjax-container\"}','2018-06-20 00:07:07','2018-06-20 00:07:07'),(945,1,'admin','GET','127.0.0.1','[]','2018-08-13 03:03:56','2018-08-13 03:03:56'),(946,1,'admin/styles','GET','127.0.0.1','{\"_pjax\":\"#pjax-container\"}','2018-08-13 03:04:04','2018-08-13 03:04:04'),(947,1,'admin/styles/2/edit','GET','127.0.0.1','{\"_pjax\":\"#pjax-container\"}','2018-08-13 03:04:15','2018-08-13 03:04:15'),(948,1,'admin/styles','GET','127.0.0.1','{\"_pjax\":\"#pjax-container\"}','2018-08-13 03:04:18','2018-08-13 03:04:18'),(949,1,'admin/styles/create','GET','127.0.0.1','{\"_pjax\":\"#pjax-container\"}','2018-08-13 03:04:20','2018-08-13 03:04:20'),(950,1,'admin/styles','POST','127.0.0.1','{\"products\":[\"1\",null],\"name\":\"Test3\",\"images\":{\"new_1\":{\"caption\":\"test\",\"id\":null,\"_remove_\":\"0\"},\"new_2\":{\"caption\":null,\"id\":null,\"_remove_\":\"0\"}},\"_token\":\"tjBLlOzM5AypQWYEJ7xsFPFMSQhqIbJg8FATkP8G\",\"_previous_\":\"http:\\/\\/handsyork.local\\/admin\\/styles\"}','2018-08-13 03:05:30','2018-08-13 03:05:30'),(951,1,'admin/styles','GET','127.0.0.1','[]','2018-08-13 03:05:30','2018-08-13 03:05:30'),(952,1,'admin/styles/create','GET','127.0.0.1','{\"_pjax\":\"#pjax-container\"}','2018-08-13 03:05:59','2018-08-13 03:05:59'),(953,1,'admin/styles','POST','127.0.0.1','{\"products\":[\"1\",null],\"name\":\"Test4\",\"images\":{\"new_1\":{\"caption\":\"test\",\"id\":null,\"_remove_\":\"0\"},\"new_2\":{\"caption\":null,\"id\":null,\"_remove_\":\"0\"}},\"_token\":\"tjBLlOzM5AypQWYEJ7xsFPFMSQhqIbJg8FATkP8G\",\"_previous_\":\"http:\\/\\/handsyork.local\\/admin\\/styles\"}','2018-08-13 03:06:26','2018-08-13 03:06:26'),(954,1,'admin/styles','GET','127.0.0.1','[]','2018-08-13 03:06:27','2018-08-13 03:06:27'),(955,1,'admin/styles','GET','127.0.0.1','{\"_pjax\":\"#pjax-container\"}','2018-08-13 03:25:06','2018-08-13 03:25:06');
/*!40000 ALTER TABLE `admin_operation_log` ENABLE KEYS */;
UNLOCK TABLES;

--
-- Table structure for table `admin_permissions`
--

DROP TABLE IF EXISTS `admin_permissions`;
/*!40101 SET @saved_cs_client     = @@character_set_client */;
/*!40101 SET character_set_client = utf8 */;
CREATE TABLE `admin_permissions` (
  `id` int(10) unsigned NOT NULL AUTO_INCREMENT,
  `name` varchar(50) COLLATE utf8mb4_unicode_ci NOT NULL,
  `slug` varchar(50) COLLATE utf8mb4_unicode_ci NOT NULL,
  `http_method` varchar(191) COLLATE utf8mb4_unicode_ci DEFAULT NULL,
  `http_path` text COLLATE utf8mb4_unicode_ci,
  `created_at` timestamp NULL DEFAULT NULL,
  `updated_at` timestamp NULL DEFAULT NULL,
  PRIMARY KEY (`id`),
  UNIQUE KEY `admin_permissions_name_unique` (`name`)
) ENGINE=InnoDB AUTO_INCREMENT=6 DEFAULT CHARSET=utf8mb4 COLLATE=utf8mb4_unicode_ci;
/*!40101 SET character_set_client = @saved_cs_client */;

--
-- Dumping data for table `admin_permissions`
--

LOCK TABLES `admin_permissions` WRITE;
/*!40000 ALTER TABLE `admin_permissions` DISABLE KEYS */;
INSERT INTO `admin_permissions` VALUES (1,'All permission','*','','*',NULL,NULL),(2,'Dashboard','dashboard','GET','/',NULL,NULL),(3,'Login','auth.login','','/auth/login\r\n/auth/logout',NULL,NULL),(4,'User setting','auth.setting','GET,PUT','/auth/setting',NULL,NULL),(5,'Auth management','auth.management','','/auth/roles\r\n/auth/permissions\r\n/auth/menu\r\n/auth/logs',NULL,NULL);
/*!40000 ALTER TABLE `admin_permissions` ENABLE KEYS */;
UNLOCK TABLES;

--
-- Table structure for table `admin_role_menu`
--

DROP TABLE IF EXISTS `admin_role_menu`;
/*!40101 SET @saved_cs_client     = @@character_set_client */;
/*!40101 SET character_set_client = utf8 */;
CREATE TABLE `admin_role_menu` (
  `role_id` int(11) NOT NULL,
  `menu_id` int(11) NOT NULL,
  `created_at` timestamp NULL DEFAULT NULL,
  `updated_at` timestamp NULL DEFAULT NULL,
  KEY `admin_role_menu_role_id_menu_id_index` (`role_id`,`menu_id`)
) ENGINE=InnoDB DEFAULT CHARSET=utf8mb4 COLLATE=utf8mb4_unicode_ci;
/*!40101 SET character_set_client = @saved_cs_client */;

--
-- Dumping data for table `admin_role_menu`
--

LOCK TABLES `admin_role_menu` WRITE;
/*!40000 ALTER TABLE `admin_role_menu` DISABLE KEYS */;
INSERT INTO `admin_role_menu` VALUES (1,2,NULL,NULL),(1,8,NULL,NULL),(1,11,NULL,NULL),(2,11,NULL,NULL),(1,12,NULL,NULL),(2,12,NULL,NULL),(1,13,NULL,NULL),(2,13,NULL,NULL),(1,14,NULL,NULL),(2,14,NULL,NULL),(1,15,NULL,NULL),(2,15,NULL,NULL),(1,16,NULL,NULL),(1,17,NULL,NULL),(1,18,NULL,NULL);
/*!40000 ALTER TABLE `admin_role_menu` ENABLE KEYS */;
UNLOCK TABLES;

--
-- Table structure for table `admin_role_permissions`
--

DROP TABLE IF EXISTS `admin_role_permissions`;
/*!40101 SET @saved_cs_client     = @@character_set_client */;
/*!40101 SET character_set_client = utf8 */;
CREATE TABLE `admin_role_permissions` (
  `role_id` int(11) NOT NULL,
  `permission_id` int(11) NOT NULL,
  `created_at` timestamp NULL DEFAULT NULL,
  `updated_at` timestamp NULL DEFAULT NULL,
  KEY `admin_role_permissions_role_id_permission_id_index` (`role_id`,`permission_id`)
) ENGINE=InnoDB DEFAULT CHARSET=utf8mb4 COLLATE=utf8mb4_unicode_ci;
/*!40101 SET character_set_client = @saved_cs_client */;

--
-- Dumping data for table `admin_role_permissions`
--

LOCK TABLES `admin_role_permissions` WRITE;
/*!40000 ALTER TABLE `admin_role_permissions` DISABLE KEYS */;
INSERT INTO `admin_role_permissions` VALUES (1,1,NULL,NULL);
/*!40000 ALTER TABLE `admin_role_permissions` ENABLE KEYS */;
UNLOCK TABLES;

--
-- Table structure for table `admin_role_users`
--

DROP TABLE IF EXISTS `admin_role_users`;
/*!40101 SET @saved_cs_client     = @@character_set_client */;
/*!40101 SET character_set_client = utf8 */;
CREATE TABLE `admin_role_users` (
  `role_id` int(11) NOT NULL,
  `user_id` int(11) NOT NULL,
  `created_at` timestamp NULL DEFAULT NULL,
  `updated_at` timestamp NULL DEFAULT NULL,
  KEY `admin_role_users_role_id_user_id_index` (`role_id`,`user_id`)
) ENGINE=InnoDB DEFAULT CHARSET=utf8mb4 COLLATE=utf8mb4_unicode_ci;
/*!40101 SET character_set_client = @saved_cs_client */;

--
-- Dumping data for table `admin_role_users`
--

LOCK TABLES `admin_role_users` WRITE;
/*!40000 ALTER TABLE `admin_role_users` DISABLE KEYS */;
INSERT INTO `admin_role_users` VALUES (1,1,NULL,NULL),(2,2,NULL,NULL);
/*!40000 ALTER TABLE `admin_role_users` ENABLE KEYS */;
UNLOCK TABLES;

--
-- Table structure for table `admin_roles`
--

DROP TABLE IF EXISTS `admin_roles`;
/*!40101 SET @saved_cs_client     = @@character_set_client */;
/*!40101 SET character_set_client = utf8 */;
CREATE TABLE `admin_roles` (
  `id` int(10) unsigned NOT NULL AUTO_INCREMENT,
  `name` varchar(50) COLLATE utf8mb4_unicode_ci NOT NULL,
  `slug` varchar(50) COLLATE utf8mb4_unicode_ci NOT NULL,
  `created_at` timestamp NULL DEFAULT NULL,
  `updated_at` timestamp NULL DEFAULT NULL,
  PRIMARY KEY (`id`),
  UNIQUE KEY `admin_roles_name_unique` (`name`)
) ENGINE=InnoDB AUTO_INCREMENT=3 DEFAULT CHARSET=utf8mb4 COLLATE=utf8mb4_unicode_ci;
/*!40101 SET character_set_client = @saved_cs_client */;

--
-- Dumping data for table `admin_roles`
--

LOCK TABLES `admin_roles` WRITE;
/*!40000 ALTER TABLE `admin_roles` DISABLE KEYS */;
INSERT INTO `admin_roles` VALUES (1,'Administrator','administrator','2018-05-09 23:48:02','2018-05-09 23:48:02'),(2,'Admin','admin','2018-05-19 22:44:41','2018-05-19 22:44:41');
/*!40000 ALTER TABLE `admin_roles` ENABLE KEYS */;
UNLOCK TABLES;

--
-- Table structure for table `admin_user_permissions`
--

DROP TABLE IF EXISTS `admin_user_permissions`;
/*!40101 SET @saved_cs_client     = @@character_set_client */;
/*!40101 SET character_set_client = utf8 */;
CREATE TABLE `admin_user_permissions` (
  `user_id` int(11) NOT NULL,
  `permission_id` int(11) NOT NULL,
  `created_at` timestamp NULL DEFAULT NULL,
  `updated_at` timestamp NULL DEFAULT NULL,
  KEY `admin_user_permissions_user_id_permission_id_index` (`user_id`,`permission_id`)
) ENGINE=InnoDB DEFAULT CHARSET=utf8mb4 COLLATE=utf8mb4_unicode_ci;
/*!40101 SET character_set_client = @saved_cs_client */;

--
-- Dumping data for table `admin_user_permissions`
--

LOCK TABLES `admin_user_permissions` WRITE;
/*!40000 ALTER TABLE `admin_user_permissions` DISABLE KEYS */;
/*!40000 ALTER TABLE `admin_user_permissions` ENABLE KEYS */;
UNLOCK TABLES;

--
-- Table structure for table `admin_users`
--

DROP TABLE IF EXISTS `admin_users`;
/*!40101 SET @saved_cs_client     = @@character_set_client */;
/*!40101 SET character_set_client = utf8 */;
CREATE TABLE `admin_users` (
  `id` int(10) unsigned NOT NULL AUTO_INCREMENT,
  `username` varchar(190) COLLATE utf8mb4_unicode_ci NOT NULL,
  `password` varchar(60) COLLATE utf8mb4_unicode_ci NOT NULL,
  `name` varchar(191) COLLATE utf8mb4_unicode_ci NOT NULL,
  `avatar` varchar(191) COLLATE utf8mb4_unicode_ci DEFAULT NULL,
  `remember_token` varchar(100) COLLATE utf8mb4_unicode_ci DEFAULT NULL,
  `created_at` timestamp NULL DEFAULT NULL,
  `updated_at` timestamp NULL DEFAULT NULL,
  PRIMARY KEY (`id`),
  UNIQUE KEY `admin_users_username_unique` (`username`)
) ENGINE=InnoDB AUTO_INCREMENT=3 DEFAULT CHARSET=utf8mb4 COLLATE=utf8mb4_unicode_ci;
/*!40101 SET character_set_client = @saved_cs_client */;

--
-- Dumping data for table `admin_users`
--

LOCK TABLES `admin_users` WRITE;
/*!40000 ALTER TABLE `admin_users` DISABLE KEYS */;
INSERT INTO `admin_users` VALUES (1,'admin','$2y$10$z351UZ4XCkqxM2yR0HBte.22czw6w83s.jXmfB3U5eXyesG3cYxUK','Administrator',NULL,'ogn5293rD4D5JLRgStVPaQTWBQ8KHa6a7meSRg7VB9KcEyd1fbNWCUoIwEc2','2018-05-09 23:48:02','2018-05-11 09:01:59'),(2,'handsyork','$2y$10$fCqju7DZXjVkBD5.yhTG7ebMBaa6Qg2QIlD02QF7FWQpwNwpTsRmC','Hands York',NULL,NULL,'2018-05-19 22:56:23','2018-05-19 22:56:23');
/*!40000 ALTER TABLE `admin_users` ENABLE KEYS */;
UNLOCK TABLES;

--
-- Table structure for table `attribute_attribute_set`
--

DROP TABLE IF EXISTS `attribute_attribute_set`;
/*!40101 SET @saved_cs_client     = @@character_set_client */;
/*!40101 SET character_set_client = utf8 */;
CREATE TABLE `attribute_attribute_set` (
  `attribute_id` int(10) unsigned DEFAULT NULL,
  `attribute_set_id` int(10) unsigned DEFAULT NULL,
  `created_at` timestamp NULL DEFAULT NULL,
  `updated_at` timestamp NULL DEFAULT NULL,
  KEY `attribute_attribute_set_attribute_id_foreign` (`attribute_id`),
  KEY `attribute_attribute_set_attribute_set_id_foreign` (`attribute_set_id`),
  CONSTRAINT `attribute_attribute_set_attribute_id_foreign` FOREIGN KEY (`attribute_id`) REFERENCES `attributes` (`id`) ON DELETE CASCADE,
  CONSTRAINT `attribute_attribute_set_attribute_set_id_foreign` FOREIGN KEY (`attribute_set_id`) REFERENCES `attribute_sets` (`id`) ON DELETE CASCADE
) ENGINE=InnoDB DEFAULT CHARSET=utf8mb4 COLLATE=utf8mb4_unicode_ci;
/*!40101 SET character_set_client = @saved_cs_client */;

--
-- Dumping data for table `attribute_attribute_set`
--

LOCK TABLES `attribute_attribute_set` WRITE;
/*!40000 ALTER TABLE `attribute_attribute_set` DISABLE KEYS */;
INSERT INTO `attribute_attribute_set` VALUES (1,1,NULL,NULL),(2,1,NULL,NULL);
/*!40000 ALTER TABLE `attribute_attribute_set` ENABLE KEYS */;
UNLOCK TABLES;

--
-- Table structure for table `attribute_sets`
--

DROP TABLE IF EXISTS `attribute_sets`;
/*!40101 SET @saved_cs_client     = @@character_set_client */;
/*!40101 SET character_set_client = utf8 */;
CREATE TABLE `attribute_sets` (
  `id` int(10) unsigned NOT NULL AUTO_INCREMENT,
  `name` varchar(191) COLLATE utf8mb4_unicode_ci NOT NULL,
  `machine_name` varchar(191) COLLATE utf8mb4_unicode_ci NOT NULL,
  `created_at` timestamp NULL DEFAULT NULL,
  `updated_at` timestamp NULL DEFAULT NULL,
  `product_id` int(10) unsigned DEFAULT NULL,
  PRIMARY KEY (`id`),
  KEY `attribute_sets_product_id_foreign` (`product_id`),
  CONSTRAINT `attribute_sets_product_id_foreign` FOREIGN KEY (`product_id`) REFERENCES `products` (`id`) ON DELETE CASCADE
) ENGINE=InnoDB AUTO_INCREMENT=2 DEFAULT CHARSET=utf8mb4 COLLATE=utf8mb4_unicode_ci;
/*!40101 SET character_set_client = @saved_cs_client */;

--
-- Dumping data for table `attribute_sets`
--

LOCK TABLES `attribute_sets` WRITE;
/*!40000 ALTER TABLE `attribute_sets` DISABLE KEYS */;
INSERT INTO `attribute_sets` VALUES (1,'Bazar','blazer','2018-05-18 07:57:12','2018-05-21 22:08:29',1);
/*!40000 ALTER TABLE `attribute_sets` ENABLE KEYS */;
UNLOCK TABLES;

--
-- Table structure for table `attributes`
--

DROP TABLE IF EXISTS `attributes`;
/*!40101 SET @saved_cs_client     = @@character_set_client */;
/*!40101 SET character_set_client = utf8 */;
CREATE TABLE `attributes` (
  `id` int(10) unsigned NOT NULL AUTO_INCREMENT,
  `machine_name` varchar(50) COLLATE utf8mb4_unicode_ci NOT NULL,
  `title` varchar(50) COLLATE utf8mb4_unicode_ci NOT NULL,
  `type` varchar(30) COLLATE utf8mb4_unicode_ci NOT NULL,
  `default_value` varchar(100) COLLATE utf8mb4_unicode_ci DEFAULT NULL,
  `weight` int(11) NOT NULL,
  `created_at` timestamp NULL DEFAULT NULL,
  `updated_at` timestamp NULL DEFAULT NULL,
  PRIMARY KEY (`id`)
) ENGINE=InnoDB AUTO_INCREMENT=3 DEFAULT CHARSET=utf8mb4 COLLATE=utf8mb4_unicode_ci;
/*!40101 SET character_set_client = @saved_cs_client */;

--
-- Dumping data for table `attributes`
--

LOCK TABLES `attributes` WRITE;
/*!40000 ALTER TABLE `attributes` DISABLE KEYS */;
INSERT INTO `attributes` VALUES (1,'fl','Front Length','text',NULL,0,'2018-05-18 07:56:31','2018-05-18 07:56:31'),(2,'position','Position','select',NULL,0,'2018-05-18 07:56:45','2018-05-18 07:56:45');
/*!40000 ALTER TABLE `attributes` ENABLE KEYS */;
UNLOCK TABLES;

--
-- Table structure for table `customers`
--

DROP TABLE IF EXISTS `customers`;
/*!40101 SET @saved_cs_client     = @@character_set_client */;
/*!40101 SET character_set_client = utf8 */;
CREATE TABLE `customers` (
  `id` int(10) unsigned NOT NULL AUTO_INCREMENT,
  `name` varchar(191) COLLATE utf8mb4_unicode_ci NOT NULL,
  `email` varchar(191) COLLATE utf8mb4_unicode_ci NOT NULL,
  `mobile` varchar(191) COLLATE utf8mb4_unicode_ci NOT NULL,
  `created_at` timestamp NULL DEFAULT NULL,
  `updated_at` timestamp NULL DEFAULT NULL,
  PRIMARY KEY (`id`),
  UNIQUE KEY `customers_email_unique` (`email`)
) ENGINE=InnoDB AUTO_INCREMENT=3 DEFAULT CHARSET=utf8mb4 COLLATE=utf8mb4_unicode_ci;
/*!40101 SET character_set_client = @saved_cs_client */;

--
-- Dumping data for table `customers`
--

LOCK TABLES `customers` WRITE;
/*!40000 ALTER TABLE `customers` DISABLE KEYS */;
INSERT INTO `customers` VALUES (1,'Arif Hossain','arif04cuet@gmail.com','+8801717348147','2018-05-29 06:30:02','2018-05-29 06:30:02'),(2,'Arif Hossain','arif04cuet2@gmail.com','+8801717348147','2018-05-29 10:07:04','2018-05-29 10:07:04');
/*!40000 ALTER TABLE `customers` ENABLE KEYS */;
UNLOCK TABLES;

--
-- Table structure for table `fabric_filters`
--

DROP TABLE IF EXISTS `fabric_filters`;
/*!40101 SET @saved_cs_client     = @@character_set_client */;
/*!40101 SET character_set_client = utf8 */;
CREATE TABLE `fabric_filters` (
  `id` int(10) unsigned NOT NULL AUTO_INCREMENT,
  `title` varchar(191) COLLATE utf8mb4_unicode_ci NOT NULL,
  `type` varchar(191) COLLATE utf8mb4_unicode_ci NOT NULL,
  `created_at` timestamp NULL DEFAULT NULL,
  `updated_at` timestamp NULL DEFAULT NULL,
  PRIMARY KEY (`id`)
) ENGINE=InnoDB AUTO_INCREMENT=6 DEFAULT CHARSET=utf8mb4 COLLATE=utf8mb4_unicode_ci;
/*!40101 SET character_set_client = @saved_cs_client */;

--
-- Dumping data for table `fabric_filters`
--

LOCK TABLES `fabric_filters` WRITE;
/*!40000 ALTER TABLE `fabric_filters` DISABLE KEYS */;
INSERT INTO `fabric_filters` VALUES (1,'Wool','composition','2018-05-18 10:20:48','2018-05-18 10:20:48'),(2,'Solid','patterns','2018-05-18 10:31:58','2018-05-18 10:31:58'),(3,'Lining 1','catagory','2018-05-18 10:34:18','2018-05-18 10:34:18'),(4,'Black','color','2018-05-18 11:40:35','2018-05-18 11:40:35'),(5,'White','color','2018-05-19 08:48:35','2018-05-19 08:48:35');
/*!40000 ALTER TABLE `fabric_filters` ENABLE KEYS */;
UNLOCK TABLES;

--
-- Table structure for table `fabric_product`
--

DROP TABLE IF EXISTS `fabric_product`;
/*!40101 SET @saved_cs_client     = @@character_set_client */;
/*!40101 SET character_set_client = utf8 */;
CREATE TABLE `fabric_product` (
  `id` int(10) unsigned NOT NULL AUTO_INCREMENT,
  `fabric_id` int(10) unsigned DEFAULT NULL,
  `product_id` int(10) unsigned DEFAULT NULL,
  `created_at` timestamp NULL DEFAULT NULL,
  `updated_at` timestamp NULL DEFAULT NULL,
  PRIMARY KEY (`id`),
  KEY `fabric_product_fabric_id_foreign` (`fabric_id`),
  KEY `fabric_product_product_id_foreign` (`product_id`),
  CONSTRAINT `fabric_product_fabric_id_foreign` FOREIGN KEY (`fabric_id`) REFERENCES `fabrics` (`id`) ON DELETE CASCADE,
  CONSTRAINT `fabric_product_product_id_foreign` FOREIGN KEY (`product_id`) REFERENCES `products` (`id`) ON DELETE CASCADE
) ENGINE=InnoDB AUTO_INCREMENT=3 DEFAULT CHARSET=utf8mb4 COLLATE=utf8mb4_unicode_ci;
/*!40101 SET character_set_client = @saved_cs_client */;

--
-- Dumping data for table `fabric_product`
--

LOCK TABLES `fabric_product` WRITE;
/*!40000 ALTER TABLE `fabric_product` DISABLE KEYS */;
INSERT INTO `fabric_product` VALUES (1,2,1,NULL,NULL),(2,3,1,NULL,NULL);
/*!40000 ALTER TABLE `fabric_product` ENABLE KEYS */;
UNLOCK TABLES;

--
-- Table structure for table `fabrics`
--

DROP TABLE IF EXISTS `fabrics`;
/*!40101 SET @saved_cs_client     = @@character_set_client */;
/*!40101 SET character_set_client = utf8 */;
CREATE TABLE `fabrics` (
  `id` int(10) unsigned NOT NULL AUTO_INCREMENT,
  `composition_id` int(10) unsigned DEFAULT NULL,
  `color_id` int(10) unsigned DEFAULT NULL,
  `pattern_id` int(10) unsigned DEFAULT NULL,
  `category_id` int(10) unsigned DEFAULT NULL,
  `created_at` timestamp NULL DEFAULT NULL,
  `updated_at` timestamp NULL DEFAULT NULL,
  PRIMARY KEY (`id`),
  KEY `fabrics_composition_id_foreign` (`composition_id`),
  KEY `fabrics_color_id_foreign` (`color_id`),
  KEY `fabrics_pattern_id_foreign` (`pattern_id`),
  KEY `fabrics_category_id_foreign` (`category_id`),
  CONSTRAINT `fabrics_category_id_foreign` FOREIGN KEY (`category_id`) REFERENCES `fabric_filters` (`id`) ON DELETE CASCADE,
  CONSTRAINT `fabrics_color_id_foreign` FOREIGN KEY (`color_id`) REFERENCES `fabric_filters` (`id`) ON DELETE CASCADE,
  CONSTRAINT `fabrics_composition_id_foreign` FOREIGN KEY (`composition_id`) REFERENCES `fabric_filters` (`id`) ON DELETE CASCADE,
  CONSTRAINT `fabrics_pattern_id_foreign` FOREIGN KEY (`pattern_id`) REFERENCES `fabric_filters` (`id`) ON DELETE CASCADE
) ENGINE=InnoDB AUTO_INCREMENT=4 DEFAULT CHARSET=utf8mb4 COLLATE=utf8mb4_unicode_ci;
/*!40101 SET character_set_client = @saved_cs_client */;

--
-- Dumping data for table `fabrics`
--

LOCK TABLES `fabrics` WRITE;
/*!40000 ALTER TABLE `fabrics` DISABLE KEYS */;
INSERT INTO `fabrics` VALUES (2,1,4,2,3,'2018-05-19 07:41:10','2018-05-19 07:41:10'),(3,1,5,NULL,NULL,'2018-06-10 00:02:07','2018-06-10 00:02:07');
/*!40000 ALTER TABLE `fabrics` ENABLE KEYS */;
UNLOCK TABLES;

--
-- Table structure for table `images`
--

DROP TABLE IF EXISTS `images`;
/*!40101 SET @saved_cs_client     = @@character_set_client */;
/*!40101 SET character_set_client = utf8 */;
CREATE TABLE `images` (
  `id` int(10) unsigned NOT NULL AUTO_INCREMENT,
  `file` varchar(191) COLLATE utf8mb4_unicode_ci NOT NULL,
  `caption` varchar(191) COLLATE utf8mb4_unicode_ci DEFAULT NULL,
  `fabric_id` int(10) unsigned DEFAULT NULL,
  `created_at` timestamp NULL DEFAULT NULL,
  `updated_at` timestamp NULL DEFAULT NULL,
  `lining_id` int(10) unsigned DEFAULT NULL,
  `style_id` int(10) unsigned DEFAULT NULL,
  PRIMARY KEY (`id`),
  KEY `images_fabric_id_foreign` (`fabric_id`),
  KEY `images_lining_id_foreign` (`lining_id`),
  KEY `images_style_id_foreign` (`style_id`),
  CONSTRAINT `images_fabric_id_foreign` FOREIGN KEY (`fabric_id`) REFERENCES `fabrics` (`id`) ON DELETE CASCADE,
  CONSTRAINT `images_lining_id_foreign` FOREIGN KEY (`lining_id`) REFERENCES `linings` (`id`) ON DELETE CASCADE,
  CONSTRAINT `images_style_id_foreign` FOREIGN KEY (`style_id`) REFERENCES `styles` (`id`) ON DELETE CASCADE
) ENGINE=InnoDB AUTO_INCREMENT=20 DEFAULT CHARSET=utf8mb4 COLLATE=utf8mb4_unicode_ci;
/*!40101 SET character_set_client = @saved_cs_client */;

--
-- Dumping data for table `images`
--

LOCK TABLES `images` WRITE;
/*!40000 ALTER TABLE `images` DISABLE KEYS */;
INSERT INTO `images` VALUES (4,'images/790f3066dd8ec912c75676809d4acde2.jpg','2345',NULL,'2018-05-19 22:10:05','2018-05-19 22:10:05',2,NULL),(7,'images/37070cde434823ddb24db9ecfc78b0c9.jpg','test2',NULL,'2018-05-25 08:10:20','2018-05-25 08:10:20',NULL,2),(8,'images/441818c211a20a02f10fa1996e59adef.jpg','345354',NULL,'2018-05-25 08:10:20','2018-05-25 08:10:20',NULL,2),(10,'lining//b9ca3b9d9760da11c79829362e33d487.jpg','12334564',NULL,'2018-05-25 21:02:37','2018-05-25 21:02:37',2,NULL),(11,'style//d54220dca0853de80005401bc9c485b5.jpg','12334564',NULL,'2018-05-25 21:02:59','2018-05-25 21:02:59',NULL,1),(12,'fabric//164d8d2ffbc7b07f485777d5af83ed48.jpg','12334564',2,'2018-05-25 21:03:53','2018-05-25 21:03:53',NULL,NULL),(13,'uploads/fabric//0eb773a456661d85f092f05abe95a4a4.jpg','2345',2,'2018-05-28 00:20:38','2018-05-28 00:20:38',NULL,NULL),(14,'uploads/style//3d168bc54b2224f2f0352137056acaf3.jpg','pant-1',NULL,'2018-05-30 23:00:47','2018-05-30 23:00:47',NULL,3),(15,'uploads/fabric//b33bf25a3396d3d9ee6b8f1872b41148.png','123',3,'2018-06-10 00:02:07','2018-06-10 00:02:07',NULL,NULL),(16,'uploads/style//80e76bec4912df5996be65c31b264dea.jpg','test',NULL,'2018-08-13 03:05:30','2018-08-13 03:05:30',NULL,4),(17,'uploads/style//d7110c90504dde3e1ae5aef7a6b7bd80.jpg',NULL,NULL,'2018-08-13 03:05:30','2018-08-13 03:05:30',NULL,4),(18,'uploads/style//344d8d11c60532185837692b6fe105ea.jpg','test',NULL,'2018-08-13 03:06:26','2018-08-13 03:06:26',NULL,5),(19,'uploads/style//5efc30d9462052f414587d0b67d9a1a2.jpg',NULL,NULL,'2018-08-13 03:06:26','2018-08-13 03:06:26',NULL,5);
/*!40000 ALTER TABLE `images` ENABLE KEYS */;
UNLOCK TABLES;

--
-- Table structure for table `invoices`
--

DROP TABLE IF EXISTS `invoices`;
/*!40101 SET @saved_cs_client     = @@character_set_client */;
/*!40101 SET character_set_client = utf8 */;
CREATE TABLE `invoices` (
  `id` int(10) unsigned NOT NULL AUTO_INCREMENT,
  `title` varchar(191) COLLATE utf8mb4_unicode_ci NOT NULL,
  `price` double NOT NULL,
  `payment_status` varchar(191) COLLATE utf8mb4_unicode_ci DEFAULT NULL,
  `recurring_id` varchar(191) COLLATE utf8mb4_unicode_ci DEFAULT NULL,
  `created_at` timestamp NULL DEFAULT NULL,
  `updated_at` timestamp NULL DEFAULT NULL,
  `order_id` int(10) unsigned NOT NULL,
  PRIMARY KEY (`id`),
  KEY `invoices_order_id_foreign` (`order_id`),
  CONSTRAINT `invoices_order_id_foreign` FOREIGN KEY (`order_id`) REFERENCES `orders` (`id`) ON DELETE CASCADE
) ENGINE=InnoDB AUTO_INCREMENT=21 DEFAULT CHARSET=utf8mb4 COLLATE=utf8mb4_unicode_ci;
/*!40101 SET character_set_client = @saved_cs_client */;

--
-- Dumping data for table `invoices`
--

LOCK TABLES `invoices` WRITE;
/*!40000 ALTER TABLE `invoices` DISABLE KEYS */;
INSERT INTO `invoices` VALUES (1,'Order #1 Invoice',70,'asdasd','asdasd','2018-06-19 09:43:25','2018-06-19 09:43:25',16),(2,'Order #101 Invoice',70,'asdasd',NULL,'2018-06-19 09:46:10','2018-06-19 09:46:10',17),(3,'Order #18 Invoice',70,'Completed',NULL,'2018-06-19 09:52:22','2018-06-19 09:53:11',18),(4,'Order #19 Invoice',70,NULL,NULL,'2018-06-19 23:27:17','2018-06-19 23:27:17',19),(5,'Order #20 Invoice',70,NULL,NULL,'2018-06-19 23:58:58','2018-06-19 23:58:58',20),(6,'Order #22 Invoice',70,'Completed',NULL,'2018-06-22 23:08:58','2018-06-22 23:10:22',22),(7,'Order #23 Invoice',70,NULL,NULL,'2018-06-23 00:02:15','2018-06-23 00:02:15',23),(8,'Order #24 Invoice',70,NULL,NULL,'2018-06-23 00:02:51','2018-06-23 00:02:51',24),(9,'Order #25 Invoice',70,NULL,NULL,'2018-06-23 00:04:51','2018-06-23 00:04:51',25),(10,'Order #26 Invoice',60,NULL,NULL,'2018-06-26 01:24:09','2018-06-26 01:24:09',26),(11,'Order #27 Invoice',60,NULL,NULL,'2018-06-26 01:25:05','2018-06-26 01:25:05',27),(12,'Cityhallles Order',60,'Completed','PAY-6LH034398F445860MLM3RIWA','2018-06-29 23:25:44','2018-06-29 23:26:30',28),(13,'Cityhallles Order',60,'Completed','PAY-5J9032711E672532ELM3RKGY','2018-06-29 23:28:59','2018-06-29 23:29:36',29),(14,'Cityhallles Order',60,'Completed','PAY-92E39408DJ6442042LM3RMDA','2018-06-29 23:33:00','2018-06-29 23:33:40',30),(15,'Cityhallles Order',60,'Completed','PAY-58X43632SN259314MLM3ROWI','2018-06-29 23:38:33','2018-06-29 23:39:37',31),(16,'Cityhallles Order',60,NULL,'PAY-7XK17369R3041560JLM3R2HY','2018-06-30 00:03:11','2018-06-30 00:03:11',33),(17,'Cityhallles Order',60,'Completed','PAY-6NG2461325071542NLM3R3OA','2018-06-30 00:05:44','2018-06-30 00:07:05',34),(18,'Cityhallles Order',2,NULL,'PAY-4BY49340CK163342ULM5TSAI','2018-07-03 02:51:13','2018-07-03 02:51:13',35),(19,'Cityhallles Order',2,'Completed','PAY-98S55559MP688520BLM67HKQ','2018-07-05 04:32:08','2018-07-05 04:37:16',36),(20,'Cityhallles Order',2,NULL,'PAY-7AF99316X0266315RLNLTTOY','2018-07-24 08:37:47','2018-07-24 08:37:47',37);
/*!40000 ALTER TABLE `invoices` ENABLE KEYS */;
UNLOCK TABLES;

--
-- Table structure for table `lining_filters`
--

DROP TABLE IF EXISTS `lining_filters`;
/*!40101 SET @saved_cs_client     = @@character_set_client */;
/*!40101 SET character_set_client = utf8 */;
CREATE TABLE `lining_filters` (
  `id` int(10) unsigned NOT NULL AUTO_INCREMENT,
  `title` varchar(191) COLLATE utf8mb4_unicode_ci NOT NULL,
  `type` varchar(191) COLLATE utf8mb4_unicode_ci NOT NULL,
  `created_at` timestamp NULL DEFAULT NULL,
  `updated_at` timestamp NULL DEFAULT NULL,
  PRIMARY KEY (`id`)
) ENGINE=InnoDB DEFAULT CHARSET=utf8mb4 COLLATE=utf8mb4_unicode_ci;
/*!40101 SET character_set_client = @saved_cs_client */;

--
-- Dumping data for table `lining_filters`
--

LOCK TABLES `lining_filters` WRITE;
/*!40000 ALTER TABLE `lining_filters` DISABLE KEYS */;
/*!40000 ALTER TABLE `lining_filters` ENABLE KEYS */;
UNLOCK TABLES;

--
-- Table structure for table `lining_product`
--

DROP TABLE IF EXISTS `lining_product`;
/*!40101 SET @saved_cs_client     = @@character_set_client */;
/*!40101 SET character_set_client = utf8 */;
CREATE TABLE `lining_product` (
  `id` int(10) unsigned NOT NULL AUTO_INCREMENT,
  `lining_id` int(10) unsigned DEFAULT NULL,
  `product_id` int(10) unsigned DEFAULT NULL,
  `created_at` timestamp NULL DEFAULT NULL,
  `updated_at` timestamp NULL DEFAULT NULL,
  PRIMARY KEY (`id`),
  KEY `lining_product_lining_id_foreign` (`lining_id`),
  KEY `lining_product_product_id_foreign` (`product_id`),
  CONSTRAINT `lining_product_lining_id_foreign` FOREIGN KEY (`lining_id`) REFERENCES `linings` (`id`) ON DELETE CASCADE,
  CONSTRAINT `lining_product_product_id_foreign` FOREIGN KEY (`product_id`) REFERENCES `products` (`id`) ON DELETE CASCADE
) ENGINE=InnoDB AUTO_INCREMENT=4 DEFAULT CHARSET=utf8mb4 COLLATE=utf8mb4_unicode_ci;
/*!40101 SET character_set_client = @saved_cs_client */;

--
-- Dumping data for table `lining_product`
--

LOCK TABLES `lining_product` WRITE;
/*!40000 ALTER TABLE `lining_product` DISABLE KEYS */;
INSERT INTO `lining_product` VALUES (2,2,2,NULL,NULL),(3,2,1,NULL,NULL);
/*!40000 ALTER TABLE `lining_product` ENABLE KEYS */;
UNLOCK TABLES;

--
-- Table structure for table `linings`
--

DROP TABLE IF EXISTS `linings`;
/*!40101 SET @saved_cs_client     = @@character_set_client */;
/*!40101 SET character_set_client = utf8 */;
CREATE TABLE `linings` (
  `id` int(10) unsigned NOT NULL AUTO_INCREMENT,
  `created_at` timestamp NULL DEFAULT NULL,
  `updated_at` timestamp NULL DEFAULT NULL,
  `category_id` int(10) unsigned DEFAULT NULL,
  PRIMARY KEY (`id`),
  KEY `linings_category_id_foreign` (`category_id`),
  CONSTRAINT `linings_category_id_foreign` FOREIGN KEY (`category_id`) REFERENCES `lining_filters` (`id`) ON DELETE CASCADE
) ENGINE=InnoDB AUTO_INCREMENT=3 DEFAULT CHARSET=utf8mb4 COLLATE=utf8mb4_unicode_ci;
/*!40101 SET character_set_client = @saved_cs_client */;

--
-- Dumping data for table `linings`
--

LOCK TABLES `linings` WRITE;
/*!40000 ALTER TABLE `linings` DISABLE KEYS */;
INSERT INTO `linings` VALUES (2,'2018-05-19 22:10:05','2018-05-19 22:10:05',NULL);
/*!40000 ALTER TABLE `linings` ENABLE KEYS */;
UNLOCK TABLES;

--
-- Table structure for table `migrations`
--

DROP TABLE IF EXISTS `migrations`;
/*!40101 SET @saved_cs_client     = @@character_set_client */;
/*!40101 SET character_set_client = utf8 */;
CREATE TABLE `migrations` (
  `id` int(10) unsigned NOT NULL AUTO_INCREMENT,
  `migration` varchar(191) COLLATE utf8mb4_unicode_ci NOT NULL,
  `batch` int(11) NOT NULL,
  PRIMARY KEY (`id`)
) ENGINE=InnoDB AUTO_INCREMENT=48 DEFAULT CHARSET=utf8mb4 COLLATE=utf8mb4_unicode_ci;
/*!40101 SET character_set_client = @saved_cs_client */;

--
-- Dumping data for table `migrations`
--

LOCK TABLES `migrations` WRITE;
/*!40000 ALTER TABLE `migrations` DISABLE KEYS */;
INSERT INTO `migrations` VALUES (1,'2014_10_12_000000_create_users_table',1),(2,'2014_10_12_100000_create_password_resets_table',1),(3,'2016_01_04_173148_create_admin_tables',1),(15,'2018_05_15_163015_create_attributes_table',2),(16,'2018_05_16_035139_attributes_defaultvalue_nullable',2),(17,'2018_05_18_060138_create_attribute_sets_table',2),(18,'2018_05_18_060530_create_attributeset_attribute_table',2),(21,'2018_05_18_161607_create_fabric_filters_table',3),(22,'2018_05_18_165013_create_fabrics_table',4),(23,'2018_05_18_165956_create_images_table',4),(24,'2018_05_19_135424_create_products_table',5),(25,'2018_05_19_141701_create_fabric_product_table',6),(26,'2018_05_20_034340_create_linings_table',7),(27,'2018_05_20_035346_create_lining_product_table',8),(28,'2018_05_20_040722_add_lining_id_to_images_table',9),(29,'2018_05_20_041637_create_styles_table',10),(30,'2018_05_20_041807_add_style_id_to_images_table',10),(31,'2018_05_20_042250_create_product_style_table',11),(32,'2018_05_21_132526_add_color_is_complex_associated_products_to_products_tables',12),(33,'2018_05_21_144919_make_associated_products_column_to_text_products_table',13),(34,'2018_05_22_040303_add_product_id_attribute_set_table',14),(36,'2018_05_25_030709_add_weight_active_to_products_table',15),(37,'2018_05_28_062810_create_orders_table',16),(38,'2018_05_28_064439_create_customers_table',16),(39,'2018_05_28_070039_add_customer_id_to_orders_table',17),(40,'2018_05_29_092915_make_email_unique_customer_table',18),(41,'2018_05_29_121758_make_message_lining_id_nullable_order_table',19),(42,'2018_06_07_033548_add_is_tuxedo_to_products_table',20),(43,'2018_06_19_112238_create_invoices_table',21),(44,'2018_06_19_151802_add_order_to_invoice_table',22),(45,'2018_08_15_051735_add_monogram_column_to_order_table',23),(46,'2018_08_15_053744_lining_filters',23),(47,'2018_08_15_053959_add_category_id_column_to_lining_table',23);
/*!40000 ALTER TABLE `migrations` ENABLE KEYS */;
UNLOCK TABLES;

--
-- Table structure for table `orders`
--

DROP TABLE IF EXISTS `orders`;
/*!40101 SET @saved_cs_client     = @@character_set_client */;
/*!40101 SET character_set_client = utf8 */;
CREATE TABLE `orders` (
  `id` int(10) unsigned NOT NULL AUTO_INCREMENT,
  `product_id` int(10) unsigned NOT NULL,
  `fabric_id` int(10) unsigned NOT NULL,
  `lining_id` int(11) DEFAULT NULL,
  `style` text COLLATE utf8mb4_unicode_ci NOT NULL,
  `message` text COLLATE utf8mb4_unicode_ci,
  `status` int(11) NOT NULL DEFAULT '0',
  `created_at` timestamp NULL DEFAULT NULL,
  `updated_at` timestamp NULL DEFAULT NULL,
  `customer_id` int(10) unsigned DEFAULT NULL,
  `monogram` text COLLATE utf8mb4_unicode_ci,
  PRIMARY KEY (`id`),
  KEY `orders_customer_id_foreign` (`customer_id`),
  CONSTRAINT `orders_customer_id_foreign` FOREIGN KEY (`customer_id`) REFERENCES `customers` (`id`) ON DELETE CASCADE
) ENGINE=InnoDB AUTO_INCREMENT=38 DEFAULT CHARSET=utf8mb4 COLLATE=utf8mb4_unicode_ci;
/*!40101 SET character_set_client = @saved_cs_client */;

--
-- Dumping data for table `orders`
--

LOCK TABLES `orders` WRITE;
/*!40000 ALTER TABLE `orders` DISABLE KEYS */;
INSERT INTO `orders` VALUES (16,1,12,4,'a:2:{i:1;s:2:\"11\";i:2;s:1:\"7\";}',NULL,0,'2018-06-19 09:43:21','2018-06-19 09:43:21',1,NULL),(17,1,12,4,'a:2:{i:1;s:2:\"11\";i:2;s:1:\"7\";}',NULL,0,'2018-06-19 09:46:05','2018-06-19 09:46:05',1,NULL),(18,1,12,4,'a:2:{i:1;s:2:\"11\";i:2;s:1:\"7\";}',NULL,0,'2018-06-19 09:52:17','2018-06-19 09:52:17',1,NULL),(19,1,12,4,'a:2:{i:1;s:2:\"11\";i:2;s:1:\"7\";}',NULL,0,'2018-06-19 23:27:17','2018-06-19 23:27:17',1,NULL),(20,1,12,4,'a:2:{i:1;s:2:\"11\";i:2;s:1:\"7\";}',NULL,0,'2018-06-19 23:58:51','2018-06-19 23:58:51',1,NULL),(21,1,12,4,'a:2:{i:1;s:2:\"11\";i:2;s:1:\"7\";}',NULL,0,'2018-06-22 22:57:46','2018-06-22 22:57:46',1,NULL),(22,1,12,4,'a:2:{i:1;s:2:\"11\";i:2;s:1:\"7\";}',NULL,0,'2018-06-22 23:08:52','2018-06-22 23:08:52',1,NULL),(23,1,12,4,'a:2:{i:1;s:2:\"11\";i:2;s:1:\"7\";}','test',0,'2018-06-23 00:02:09','2018-06-23 00:02:09',1,NULL),(24,1,12,4,'a:2:{i:1;s:2:\"11\";i:2;s:1:\"7\";}','test',0,'2018-06-23 00:02:46','2018-06-23 00:02:46',1,NULL),(25,1,12,4,'a:2:{i:1;s:2:\"11\";i:2;s:1:\"7\";}','test',0,'2018-06-23 00:04:46','2018-06-23 00:04:46',1,NULL),(26,1,12,4,'a:2:{i:1;s:2:\"11\";i:2;s:1:\"7\";}',NULL,0,'2018-06-26 01:24:03','2018-06-26 01:24:03',1,NULL),(27,1,12,4,'a:2:{i:1;s:2:\"11\";i:2;s:1:\"7\";}',NULL,0,'2018-06-26 01:25:00','2018-06-26 01:25:00',1,NULL),(28,1,12,4,'a:2:{i:1;s:2:\"11\";i:2;s:1:\"7\";}','test',0,'2018-06-29 23:25:40','2018-06-29 23:25:40',1,NULL),(29,1,12,4,'a:2:{i:1;s:2:\"11\";i:2;s:1:\"7\";}','test',0,'2018-06-29 23:28:54','2018-06-29 23:28:54',1,NULL),(30,1,12,4,'a:2:{i:1;s:2:\"11\";i:2;s:1:\"7\";}','test',0,'2018-06-29 23:32:53','2018-06-29 23:32:53',1,NULL),(31,1,12,4,'a:2:{i:1;s:2:\"11\";i:2;s:1:\"7\";}','test',0,'2018-06-29 23:38:19','2018-06-29 23:38:19',1,NULL),(32,1,12,4,'a:2:{i:1;s:2:\"11\";i:2;s:1:\"7\";}',NULL,0,'2018-06-29 23:46:26','2018-06-29 23:46:26',1,NULL),(33,1,12,4,'a:2:{i:1;s:2:\"11\";i:2;s:1:\"7\";}','test',0,'2018-06-30 00:03:02','2018-06-30 00:03:02',1,NULL),(34,1,12,4,'a:2:{i:1;s:2:\"11\";i:2;s:1:\"7\";}',NULL,0,'2018-06-30 00:05:35','2018-06-30 00:05:35',1,NULL),(35,1,12,4,'a:2:{i:1;s:2:\"11\";i:2;s:1:\"7\";}',NULL,0,'2018-07-03 02:51:09','2018-07-03 02:51:09',1,NULL),(36,1,12,4,'a:2:{i:1;s:2:\"11\";i:2;s:1:\"7\";}','test',0,'2018-07-05 04:32:02','2018-07-05 04:32:02',1,NULL),(37,1,12,4,'a:2:{i:1;s:2:\"11\";i:2;s:1:\"7\";}',NULL,0,'2018-07-24 08:37:39','2018-07-24 08:37:39',1,NULL);
/*!40000 ALTER TABLE `orders` ENABLE KEYS */;
UNLOCK TABLES;

--
-- Table structure for table `password_resets`
--

DROP TABLE IF EXISTS `password_resets`;
/*!40101 SET @saved_cs_client     = @@character_set_client */;
/*!40101 SET character_set_client = utf8 */;
CREATE TABLE `password_resets` (
  `email` varchar(191) COLLATE utf8mb4_unicode_ci NOT NULL,
  `token` varchar(191) COLLATE utf8mb4_unicode_ci NOT NULL,
  `created_at` timestamp NULL DEFAULT NULL,
  KEY `password_resets_email_index` (`email`)
) ENGINE=InnoDB DEFAULT CHARSET=utf8mb4 COLLATE=utf8mb4_unicode_ci;
/*!40101 SET character_set_client = @saved_cs_client */;

--
-- Dumping data for table `password_resets`
--

LOCK TABLES `password_resets` WRITE;
/*!40000 ALTER TABLE `password_resets` DISABLE KEYS */;
/*!40000 ALTER TABLE `password_resets` ENABLE KEYS */;
UNLOCK TABLES;

--
-- Table structure for table `product_style`
--

DROP TABLE IF EXISTS `product_style`;
/*!40101 SET @saved_cs_client     = @@character_set_client */;
/*!40101 SET character_set_client = utf8 */;
CREATE TABLE `product_style` (
  `id` int(10) unsigned NOT NULL AUTO_INCREMENT,
  `style_id` int(10) unsigned DEFAULT NULL,
  `product_id` int(10) unsigned DEFAULT NULL,
  PRIMARY KEY (`id`),
  KEY `product_style_style_id_foreign` (`style_id`),
  KEY `product_style_product_id_foreign` (`product_id`),
  CONSTRAINT `product_style_product_id_foreign` FOREIGN KEY (`product_id`) REFERENCES `products` (`id`) ON DELETE CASCADE,
  CONSTRAINT `product_style_style_id_foreign` FOREIGN KEY (`style_id`) REFERENCES `styles` (`id`) ON DELETE CASCADE
) ENGINE=InnoDB AUTO_INCREMENT=6 DEFAULT CHARSET=utf8mb4 COLLATE=utf8mb4_unicode_ci;
/*!40101 SET character_set_client = @saved_cs_client */;

--
-- Dumping data for table `product_style`
--

LOCK TABLES `product_style` WRITE;
/*!40000 ALTER TABLE `product_style` DISABLE KEYS */;
INSERT INTO `product_style` VALUES (1,1,1),(2,2,1),(3,3,2),(4,4,1),(5,5,1);
/*!40000 ALTER TABLE `product_style` ENABLE KEYS */;
UNLOCK TABLES;

--
-- Table structure for table `products`
--

DROP TABLE IF EXISTS `products`;
/*!40101 SET @saved_cs_client     = @@character_set_client */;
/*!40101 SET character_set_client = utf8 */;
CREATE TABLE `products` (
  `id` int(10) unsigned NOT NULL AUTO_INCREMENT,
  `name` varchar(191) COLLATE utf8mb4_unicode_ci NOT NULL,
  `has_lining` tinyint(1) NOT NULL,
  `created_at` timestamp NULL DEFAULT NULL,
  `updated_at` timestamp NULL DEFAULT NULL,
  `color` varchar(191) COLLATE utf8mb4_unicode_ci DEFAULT NULL,
  `is_complex` tinyint(1) NOT NULL DEFAULT '0',
  `associated_products` text COLLATE utf8mb4_unicode_ci,
  `weight` int(10) unsigned DEFAULT NULL,
  `active` tinyint(1) NOT NULL DEFAULT '1',
  `is_tuxedo` tinyint(1) NOT NULL DEFAULT '0',
  PRIMARY KEY (`id`)
) ENGINE=InnoDB AUTO_INCREMENT=5 DEFAULT CHARSET=utf8mb4 COLLATE=utf8mb4_unicode_ci;
/*!40101 SET character_set_client = @saved_cs_client */;

--
-- Dumping data for table `products`
--

LOCK TABLES `products` WRITE;
/*!40000 ALTER TABLE `products` DISABLE KEYS */;
INSERT INTO `products` VALUES (1,'Blazer',1,'2018-05-19 08:08:51','2018-06-06 22:13:31','#4e16ea',0,'[]',NULL,1,1),(2,'Pants',1,'2018-05-19 08:09:35','2018-05-25 02:39:17','#6011e0',0,'[]',NULL,1,0),(4,'Two Piece Suit',1,'2018-05-21 08:53:02','2018-05-25 02:38:57','#5f28d8',1,'[\"1\",\"2\"]',NULL,1,0);
/*!40000 ALTER TABLE `products` ENABLE KEYS */;
UNLOCK TABLES;

--
-- Table structure for table `styles`
--

DROP TABLE IF EXISTS `styles`;
/*!40101 SET @saved_cs_client     = @@character_set_client */;
/*!40101 SET character_set_client = utf8 */;
CREATE TABLE `styles` (
  `id` int(10) unsigned NOT NULL AUTO_INCREMENT,
  `name` varchar(191) COLLATE utf8mb4_unicode_ci NOT NULL,
  `created_at` timestamp NULL DEFAULT NULL,
  `updated_at` timestamp NULL DEFAULT NULL,
  PRIMARY KEY (`id`)
) ENGINE=InnoDB AUTO_INCREMENT=6 DEFAULT CHARSET=utf8mb4 COLLATE=utf8mb4_unicode_ci;
/*!40101 SET character_set_client = @saved_cs_client */;

--
-- Dumping data for table `styles`
--

LOCK TABLES `styles` WRITE;
/*!40000 ALTER TABLE `styles` DISABLE KEYS */;
INSERT INTO `styles` VALUES (1,'Canvas','2018-05-19 22:32:49','2018-05-19 22:32:49'),(2,'test2','2018-05-25 08:10:20','2018-05-25 08:10:20'),(3,'Pant-SL-1','2018-05-30 23:00:47','2018-05-30 23:00:47'),(4,'Test3','2018-08-13 03:05:30','2018-08-13 03:05:30'),(5,'Test4','2018-08-13 03:06:26','2018-08-13 03:06:26');
/*!40000 ALTER TABLE `styles` ENABLE KEYS */;
UNLOCK TABLES;

--
-- Table structure for table `users`
--

DROP TABLE IF EXISTS `users`;
/*!40101 SET @saved_cs_client     = @@character_set_client */;
/*!40101 SET character_set_client = utf8 */;
CREATE TABLE `users` (
  `id` int(10) unsigned NOT NULL AUTO_INCREMENT,
  `name` varchar(191) COLLATE utf8mb4_unicode_ci NOT NULL,
  `email` varchar(191) COLLATE utf8mb4_unicode_ci NOT NULL,
  `password` varchar(191) COLLATE utf8mb4_unicode_ci NOT NULL,
  `remember_token` varchar(100) COLLATE utf8mb4_unicode_ci DEFAULT NULL,
  `created_at` timestamp NULL DEFAULT NULL,
  `updated_at` timestamp NULL DEFAULT NULL,
  PRIMARY KEY (`id`),
  UNIQUE KEY `users_email_unique` (`email`)
) ENGINE=InnoDB DEFAULT CHARSET=utf8mb4 COLLATE=utf8mb4_unicode_ci;
/*!40101 SET character_set_client = @saved_cs_client */;

--
-- Dumping data for table `users`
--

LOCK TABLES `users` WRITE;
/*!40000 ALTER TABLE `users` DISABLE KEYS */;
/*!40000 ALTER TABLE `users` ENABLE KEYS */;
UNLOCK TABLES;
/*!40103 SET TIME_ZONE=@OLD_TIME_ZONE */;

/*!40101 SET SQL_MODE=@OLD_SQL_MODE */;
/*!40014 SET FOREIGN_KEY_CHECKS=@OLD_FOREIGN_KEY_CHECKS */;
/*!40014 SET UNIQUE_CHECKS=@OLD_UNIQUE_CHECKS */;
/*!40101 SET CHARACTER_SET_CLIENT=@OLD_CHARACTER_SET_CLIENT */;
/*!40101 SET CHARACTER_SET_RESULTS=@OLD_CHARACTER_SET_RESULTS */;
/*!40101 SET COLLATION_CONNECTION=@OLD_COLLATION_CONNECTION */;
/*!40111 SET SQL_NOTES=@OLD_SQL_NOTES */;

-- Dump completed on 2018-08-16 13:13:46
